facility_id,facility_name,city,state,count,descriptions
10001,SOUTHEAST HEALTH MEDICAL CENTER,DOTHAN,AL,1,"COMPLIANCE WITH 489.24 ,"
10001,SOUTHEAST HEALTH MEDICAL CENTER,DOTHAN,AL,1,"RECIPIENT HOSPITAL RESPONSIBILITIES ,"
10023,BAPTIST MEDICAL CENTER SOUTH,MONTGOMERY,AL,1,"COMPLIANCE WITH 489.24 ,"
10023,BAPTIST MEDICAL CENTER SOUTH,MONTGOMERY,AL,1,"RECIPIENT HOSPITAL RESPONSIBILITIES ,"
10051,GREENE COUNTY HOSPITAL,EUTAW,AL,1,"ON CALL PHYSICIANS ,"
10051,GREENE COUNTY HOSPITAL,EUTAW,AL,1,"MEDICAL SCREENING EXAM ,"
10051,GREENE COUNTY HOSPITAL,EUTAW,AL,1,"STABILIZING TREATMENT ,"
10055,FLOWERS HOSPITAL,DOTHAN,AL,1,"MEDICAL SCREENING EXAM ,"
10062,WIREGRASS MEDICAL CENTER,GENEVA,AL,1,"COMPLIANCE WITH 489.24 ,"
10062,WIREGRASS MEDICAL CENTER,GENEVA,AL,1,"MEDICAL SCREENING EXAM ,"
10062,WIREGRASS MEDICAL CENTER,GENEVA,AL,1,"STABILIZING TREATMENT ,"
10062,WIREGRASS MEDICAL CENTER,GENEVA,AL,1,"APPROPRIATE TRANSFER ,"
10095,HALE COUNTY HOSPITAL,GREENSBORO,AL,1,"COMPLIANCE WITH 489.24 ,"
10095,HALE COUNTY HOSPITAL,GREENSBORO,AL,1,"HOSPITAL MUST MAINTAIN RECORDS ,"
10095,HALE COUNTY HOSPITAL,GREENSBORO,AL,1,"EMERGENCY ROOM LOG ,"
10095,HALE COUNTY HOSPITAL,GREENSBORO,AL,1,"MEDICAL SCREENING EXAM ,"
10101,CITIZENS BAPTIST MEDICAL CENTER,TALLADEGA,AL,1,"COMPLIANCE WITH 489.24 ,"
10101,CITIZENS BAPTIST MEDICAL CENTER,TALLADEGA,AL,1,"MEDICAL SCREENING EXAM ,"
10101,CITIZENS BAPTIST MEDICAL CENTER,TALLADEGA,AL,1,"STABILIZING TREATMENT ,"
10101,CITIZENS BAPTIST MEDICAL CENTER,TALLADEGA,AL,1,"APPROPRIATE TRANSFER ,"
10126,TROY REGIONAL MEDICAL CENTER,TROY,AL,1,"APPROPRIATE TRANSFER ,"
10149,BAPTIST MEDICAL CENTER EAST,MONTGOMERY,AL,1,"COMPLIANCE WITH 489.24 ,"
10149,BAPTIST MEDICAL CENTER EAST,MONTGOMERY,AL,1,"RECIPIENT HOSPITAL RESPONSIBILITIES ,"
10150,REGIONAL MEDICAL CENTER OF CENTRAL ALABAMA,GREENVILLE,AL,1,"COMPLIANCE WITH 489.24 ,"
10150,REGIONAL MEDICAL CENTER OF CENTRAL ALABAMA,GREENVILLE,AL,1,"MEDICAL SCREENING EXAM ,"
10150,REGIONAL MEDICAL CENTER OF CENTRAL ALABAMA,GREENVILLE,AL,1,"STABILIZING TREATMENT ,"
10150,REGIONAL MEDICAL CENTER OF CENTRAL ALABAMA,GREENVILLE,AL,1,"APPROPRIATE TRANSFER ,"
20001,PROVIDENCE ALASKA MEDICAL CENTER,ANCHORAGE,AK,1,"MEDICAL SCREENING EXAM ,"
21301,PROVIDENCE VALDEZ MEDICAL CENTER,VALDEZ,AK,1,"MEDICAL SCREENING EXAM ,"
30006,TUCSON MEDICAL CENTER,TUCSON,AZ,1,"MEDICAL SCREENING EXAM ,"
30010,ST. MARY'S HOSPITAL,TUCSON,AZ,1,"MEDICAL SCREENING EXAM ,"
30022,VALLEYWISE HEALTH MEDICAL CENTER,PHOENIX,AZ,1,"COMPLIANCE WITH 489.24 ,"
30022,VALLEYWISE HEALTH MEDICAL CENTER,PHOENIX,AZ,1,"EMERGENCY ROOM LOG ,"
30022,VALLEYWISE HEALTH MEDICAL CENTER,PHOENIX,AZ,1,"MEDICAL SCREENING EXAM ,"
30094,ABRAZO ARROWHEAD CAMPUS,GLENDALE,AZ,1,"EMERGENCY ROOM LOG ,"
30110,ABRAZO WEST CAMPUS,GOODYEAR,AZ,1,"DELAY IN EXAMINATION OR TREATMENT ,"
40074,NORTH METRO MEDICAL CENTER,JACKSONVILLE,AR,1,"EMERGENCY ROOM LOG ,"
40088,MEDICAL CENTER OF SOUTH ARKANSAS,EL DORADO,AR,1,"APPROPRIATE TRANSFER ,"
41304,EUREKA SPRINGS HOSPITAL COMMISSION,EUREKA SPRINGS,AR,1,"EMERGENCY ROOM LOG ,"
41304,EUREKA SPRINGS HOSPITAL COMMISSION,EUREKA SPRINGS,AR,1,"MEDICAL SCREENING EXAM ,"
41329,MERCY HOSPITAL BERRYVILLE,BERRYVILLE,AR,1,"MEDICAL SCREENING EXAM ,"
50014,SUTTER AMADOR HOSPITAL,JACKSON,CA,1,"EMERGENCY ROOM LOG ,"
50014,SUTTER AMADOR HOSPITAL,JACKSON,CA,1,"MEDICAL SCREENING EXAM ,"
50014,SUTTER AMADOR HOSPITAL,JACKSON,CA,1,"STABILIZING TREATMENT ,"
50038,SANTA CLARA VALLEY MEDICAL CENTER,SAN JOSE,CA,1,"MEDICAL SCREENING EXAM ,"
50038,SANTA CLARA VALLEY MEDICAL CENTER,SAN JOSE,CA,1,"EMERGENCY ROOM LOG ,"
50040,LAC/OLIVE VIEW-UCLA MEDICAL CENTER,SYLMAR,CA,1,"COMPLIANCE WITH 489.24 ,"
50040,LAC/OLIVE VIEW-UCLA MEDICAL CENTER,SYLMAR,CA,1,"MEDICAL SCREENING EXAM ,"
50054,SAN GORGONIO MEMORIAL HOSPITAL,BANNING,CA,1,"COMPLIANCE WITH 489.24 ,"
50054,SAN GORGONIO MEMORIAL HOSPITAL,BANNING,CA,1,"MEDICAL SCREENING EXAM ,"
50054,SAN GORGONIO MEMORIAL HOSPITAL,BANNING,CA,1,"APPROPRIATE TRANSFER ,"
50078,PROVIDENCE LITTLE CO OF MARY MED CTR SAN PEDRO,SAN PEDRO,CA,1,"MEDICAL SCREENING EXAM ,"
50078,PROVIDENCE LITTLE CO OF MARY MED CTR SAN PEDRO,SAN PEDRO,CA,1,"DELAY IN EXAMINATION OR TREATMENT ,"
50078,PROVIDENCE LITTLE CO OF MARY MED CTR SAN PEDRO,SAN PEDRO,CA,1,"APPROPRIATE TRANSFER ,"
50113,SAN MATEO MEDICAL CENTER,SAN MATEO,CA,1,"MEDICAL SCREENING EXAM ,"
50113,SAN MATEO MEDICAL CENTER,SAN MATEO,CA,1,"APPROPRIATE TRANSFER ,"
50122,DAMERON HOSPITAL,STOCKTON,CA,1,"MEDICAL SCREENING EXAM ,"
50122,DAMERON HOSPITAL,STOCKTON,CA,1,"STABILIZING TREATMENT ,"
50122,DAMERON HOSPITAL,STOCKTON,CA,1,"APPROPRIATE TRANSFER ,"
50125,REGIONAL MEDICAL CENTER OF SAN JOSE,SAN JOSE,CA,1,"ON CALL PHYSICIANS ,"
50167,SAN JOAQUIN GENERAL HOSPITAL,FRENCH CAMP,CA,1,"MEDICAL SCREENING EXAM ,"
50197,SEQUOIA HOSPITAL,REDWOOD CITY,CA,1,"EMERGENCY ROOM LOG ,"
50197,SEQUOIA HOSPITAL,REDWOOD CITY,CA,1,"STABILIZING TREATMENT ,"
50226,AHMC ANAHEIM REGIONAL MEDICAL CENTER,ANAHEIM,CA,1,"COMPLIANCE WITH 489.24 ,"
50226,AHMC ANAHEIM REGIONAL MEDICAL CENTER,ANAHEIM,CA,1,"MEDICAL SCREENING EXAM ,"
50226,AHMC ANAHEIM REGIONAL MEDICAL CENTER,ANAHEIM,CA,1,"STABILIZING TREATMENT ,"
50228,ZUCKERBERG SAN FRANCISCO GENERAL HOSP & TRAUMA CTR,SAN FRANCISCO,CA,1,"EMERGENCY ROOM LOG ,"
50228,ZUCKERBERG SAN FRANCISCO GENERAL HOSP & TRAUMA CTR,SAN FRANCISCO,CA,1,"MEDICAL SCREENING EXAM ,"
50280,MERCY MEDICAL CENTER REDDING,REDDING,CA,1,"MEDICAL SCREENING EXAM ,"
50280,MERCY MEDICAL CENTER REDDING,REDDING,CA,1,"APPROPRIATE TRANSFER ,"
50300,ST MARY MEDICAL CENTER,APPLE VALLEY,CA,1,"MEDICAL SCREENING EXAM ,"
50308,EL CAMINO HOSPITAL,MOUNTAIN VIEW,CA,2,"STABILIZING TREATMENT ,"
50308,EL CAMINO HOSPITAL,MOUNTAIN VIEW,CA,2,"POSTING OF SIGNS ,"
50308,EL CAMINO HOSPITAL,MOUNTAIN VIEW,CA,2,"EMERGENCY ROOM LOG ,"
50309,SUTTER ROSEVILLE MEDICAL CENTER,ROSEVILLE,CA,1,"MEDICAL SCREENING EXAM ,"
50315,KERN MEDICAL CENTER,BAKERSFIELD,CA,1,"ON CALL PHYSICIANS ,"
50320,HIGHLAND HOSPITAL,OAKLAND,CA,1,"APPROPRIATE TRANSFER ,"
50390,HEMET GLOBAL MEDICAL CENTER,HEMET,CA,1,"COMPLIANCE WITH 489.24 ,"
50390,HEMET GLOBAL MEDICAL CENTER,HEMET,CA,1,"EMERGENCY ROOM LOG ,"
50390,HEMET GLOBAL MEDICAL CENTER,HEMET,CA,1,"MEDICAL SCREENING EXAM ,"
50425,KAISER FOUNDATION HOSPITAL - SACRAMENTO,SACRAMENTO,CA,1,"STABILIZING TREATMENT ,"
50425,KAISER FOUNDATION HOSPITAL - SACRAMENTO,SACRAMENTO,CA,1,"APPROPRIATE TRANSFER ,"
50468,MEMORIAL HOSPITAL OF GARDENA,GARDENA,CA,1,"APPROPRIATE TRANSFER ,"
50498,SUTTER AUBURN FAITH HOSPITAL,AUBURN,CA,1,"MEDICAL SCREENING EXAM ,"
50498,SUTTER AUBURN FAITH HOSPITAL,AUBURN,CA,1,"STABILIZING TREATMENT ,"
50498,SUTTER AUBURN FAITH HOSPITAL,AUBURN,CA,1,"APPROPRIATE TRANSFER ,"
50498,SUTTER AUBURN FAITH HOSPITAL,AUBURN,CA,1,"COMPLIANCE WITH 489.24 ,"
50534,JOHN F KENNEDY MEMORIAL HOSPITAL,INDIO,CA,1,"MEDICAL SCREENING EXAM ,"
50534,JOHN F KENNEDY MEMORIAL HOSPITAL,INDIO,CA,1,"STABILIZING TREATMENT ,"
50534,JOHN F KENNEDY MEMORIAL HOSPITAL,INDIO,CA,1,"DELAY IN EXAMINATION OR TREATMENT ,"
50581,LAKEWOOD REGIONAL MEDICAL CENTER,LAKEWOOD,CA,1,"APPROPRIATE TRANSFER ,"
50663,LOS ANGELES COMMUNITY HOSPITAL,LOS ANGELES,CA,1,"COMPLIANCE WITH 489.24 ,"
50663,LOS ANGELES COMMUNITY HOSPITAL,LOS ANGELES,CA,1,"EMERGENCY ROOM LOG ,"
50663,LOS ANGELES COMMUNITY HOSPITAL,LOS ANGELES,CA,1,"MEDICAL SCREENING EXAM ,"
50663,LOS ANGELES COMMUNITY HOSPITAL,LOS ANGELES,CA,1,"STABILIZING TREATMENT ,"
50663,LOS ANGELES COMMUNITY HOSPITAL,LOS ANGELES,CA,1,"APPROPRIATE TRANSFER ,"
50686,"KAISER FOUNDATION HOSPITAL, RIVERSIDE",RIVERSIDE,CA,1,"COMPLIANCE WITH 489.24 ,"
50686,"KAISER FOUNDATION HOSPITAL, RIVERSIDE",RIVERSIDE,CA,1,"MEDICAL SCREENING EXAM ,"
50686,"KAISER FOUNDATION HOSPITAL, RIVERSIDE",RIVERSIDE,CA,1,"STABILIZING TREATMENT ,"
50686,"KAISER FOUNDATION HOSPITAL, RIVERSIDE",RIVERSIDE,CA,1,"APPROPRIATE TRANSFER ,"
50757,ALVARADO HOSPITAL MEDICAL CENTER,SAN DIEGO,CA,1,"APPROPRIATE TRANSFER ,"
50764,SHASTA REGIONAL MEDICAL CENTER,REDDING,CA,1,"EMERGENCY ROOM LOG ,"
50764,SHASTA REGIONAL MEDICAL CENTER,REDDING,CA,1,"MEDICAL SCREENING EXAM ,"
51306,GLENN MEDICAL CENTER,WILLOWS,CA,1,"MEDICAL SCREENING EXAM ,"
51306,GLENN MEDICAL CENTER,WILLOWS,CA,1,"STABILIZING TREATMENT ,"
51318,PROVIDENCE REDWOOD MEMORIAL HOSPITAL,FORTUNA,CA,1,"MEDICAL SCREENING EXAM ,"
60001,NORTH COLORADO MEDICAL CENTER,GREELEY,CO,1,"EMERGENCY ROOM LOG ,"
60001,NORTH COLORADO MEDICAL CENTER,GREELEY,CO,1,"MEDICAL SCREENING EXAM ,"
60003,CENTURA LONGMONT UNITED HOSPITAL,LONGMONT,CO,1,"STABILIZING TREATMENT ,"
60003,CENTURA LONGMONT UNITED HOSPITAL,LONGMONT,CO,1,"APPROPRIATE TRANSFER ,"
60008,SAN LUIS VALLEY HEALTH,ALAMOSA,CO,2,"EMERGENCY ROOM LOG ,"
60020,"PARKVIEW MEDICAL CENTER, INC",PUEBLO,CO,1,"APPROPRIATE TRANSFER ,"
60103,CENTURA AVISTA ADVENTIST HOSPITAL,LOUISVILLE,CO,1,"APPROPRIATE TRANSFER ,"
60104,CENTURA ST ANTHONY NORTH HOSPITAL,WESTMINSTER,CO,1,"APPROPRIATE TRANSFER ,"
60113,CENTURA LITTLETON ADVENTIST HOSPITAL,LITTLETON,CO,1,"EMERGENCY ROOM LOG ,"
60113,CENTURA LITTLETON ADVENTIST HOSPITAL,LITTLETON,CO,1,"MEDICAL SCREENING EXAM ,"
60119,MEDICAL CENTER OF THE ROCKIES,LOVELAND,CO,3,"APPROPRIATE TRANSFER ,"
60119,MEDICAL CENTER OF THE ROCKIES,LOVELAND,CO,3,"MEDICAL SCREENING EXAM ,"
60119,MEDICAL CENTER OF THE ROCKIES,LOVELAND,CO,3,"ON CALL PHYSICIANS ,"
60119,MEDICAL CENTER OF THE ROCKIES,LOVELAND,CO,3,"STABILIZING TREATMENT ,"
60126,BANNER FORT COLLINS MEDICAL CENTER,FORT COLLINS,CO,1,"DELAY IN EXAMINATION OR TREATMENT ,"
61311,SOUTHEAST COLORADO HOSPITAL,SPRINGFIELD,CO,1,"APPROPRIATE TRANSFER ,"
61315,YUMA DISTRICT HOSPITAL,YUMA,CO,1,"MEDICAL SCREENING EXAM ,"
61327,SOUTHWEST MEMORIAL HOSPITAL,CORTEZ,CO,1,"DELAY IN EXAMINATION OR TREATMENT ,"
70012,ROCKVILLE GENERAL HOSPITAL,ROCKVILLE,CT,1,"APPROPRIATE TRANSFER ,"
70025,HARTFORD HOSPITAL,HARTFORD,CT,1,"MEDICAL SCREENING EXAM ,"
70034,NORWALK HOSPITAL,NORWALK,CT,1,"MEDICAL SCREENING EXAM ,"
100019,HOLMES REGIONAL MEDICAL CENTER,MELBOURNE,FL,1,"EMERGENCY ROOM LOG ,"
100019,HOLMES REGIONAL MEDICAL CENTER,MELBOURNE,FL,1,"MEDICAL SCREENING EXAM ,"
100019,HOLMES REGIONAL MEDICAL CENTER,MELBOURNE,FL,1,"STABILIZING TREATMENT ,"
100022,JACKSON MEMORIAL HOSPITAL,MIAMI,FL,1,"MEDICAL SCREENING EXAM ,"
100022,JACKSON MEMORIAL HOSPITAL,MIAMI,FL,1,"STABILIZING TREATMENT ,"
100029,STEWARD NORTH SHORE MEDICAL CENTER,MIAMI,FL,2,"APPROPRIATE TRANSFER ,"
100029,STEWARD NORTH SHORE MEDICAL CENTER,MIAMI,FL,2,"RECIPIENT HOSPITAL RESPONSIBILITIES ,"
100034,MOUNT SINAI MEDICAL CENTER,MIAMI BEACH,FL,1,"EMERGENCY ROOM LOG ,"
100049,HCA FLORIDA HIGHLANDS HOSPITAL,SEBRING,FL,1,"ON CALL PHYSICIANS ,"
100052,WINTER HAVEN HOSPITAL,WINTER HAVEN,FL,1,"MEDICAL SCREENING EXAM ,"
100053,STEWARD HIALEAH HOSPITAL,HIALEAH,FL,1,"COMPLIANCE WITH 489.24 ,"
100053,STEWARD HIALEAH HOSPITAL,HIALEAH,FL,1,"MEDICAL SCREENING EXAM ,"
100053,STEWARD HIALEAH HOSPITAL,HIALEAH,FL,1,"STABILIZING TREATMENT ,"
100062,ADVENTHEALTH OCALA,OCALA,FL,2,"EMERGENCY ROOM LOG ,"
100062,ADVENTHEALTH OCALA,OCALA,FL,2,"MEDICAL SCREENING EXAM ,"
100062,ADVENTHEALTH OCALA,OCALA,FL,2,"STABILIZING TREATMENT ,"
100062,ADVENTHEALTH OCALA,OCALA,FL,2,"RECIPIENT HOSPITAL RESPONSIBILITIES ,"
100077,SHOREPOINT HEALTH PORT CHARLOTTE,PORT CHARLOTTE,FL,1,"RECIPIENT HOSPITAL RESPONSIBILITIES ,"
100087,SARASOTA MEMORIAL HOSPITAL,SARASOTA,FL,1,"EMERGENCY ROOM LOG ,"
100087,SARASOTA MEMORIAL HOSPITAL,SARASOTA,FL,1,"MEDICAL SCREENING EXAM ,"
100087,SARASOTA MEMORIAL HOSPITAL,SARASOTA,FL,1,"APPROPRIATE TRANSFER ,"
100092,ROCKLEDGE REGIONAL MEDICAL CENTER,ROCKLEDGE,FL,1,"COMPLIANCE WITH 489.24 ,"
100092,ROCKLEDGE REGIONAL MEDICAL CENTER,ROCKLEDGE,FL,1,"MEDICAL SCREENING EXAM ,"
100092,ROCKLEDGE REGIONAL MEDICAL CENTER,ROCKLEDGE,FL,1,"STABILIZING TREATMENT ,"
100092,ROCKLEDGE REGIONAL MEDICAL CENTER,ROCKLEDGE,FL,1,"APPROPRIATE TRANSFER ,"
100139,TRI COUNTY HOSPITAL - WILLISTON,WILLISTON,FL,1,"MEDICAL SCREENING EXAM ,"
100139,TRI COUNTY HOSPITAL - WILLISTON,WILLISTON,FL,1,"STABILIZING TREATMENT ,"
100166,HCA FLORIDA SARASOTA DOCTORS HOSPITAL,SARASOTA,FL,1,"MEDICAL SCREENING EXAM ,"
100166,HCA FLORIDA SARASOTA DOCTORS HOSPITAL,SARASOTA,FL,1,"STABILIZING TREATMENT ,"
100166,HCA FLORIDA SARASOTA DOCTORS HOSPITAL,SARASOTA,FL,1,"APPROPRIATE TRANSFER ,"
100173,ADVENTHEALTH TAMPA,TAMPA,FL,1,"STABILIZING TREATMENT ,"
100212,HCA FLORIDA OCALA HOSPITAL,OCALA,FL,1,"COMPLIANCE WITH 489.24 ,"
100212,HCA FLORIDA OCALA HOSPITAL,OCALA,FL,1,"EMERGENCY ROOM LOG ,"
100212,HCA FLORIDA OCALA HOSPITAL,OCALA,FL,1,"STABILIZING TREATMENT ,"
100212,HCA FLORIDA OCALA HOSPITAL,OCALA,FL,1,"APPROPRIATE TRANSFER ,"
100213,HCA FLORIDA BLAKE HOSPITAL,BRADENTON,FL,1,"MEDICAL SCREENING EXAM ,"
100255,TAMPA COMMUNITY HOSPITAL,TAMPA,FL,1,"MEDICAL SCREENING EXAM ,"
100255,TAMPA COMMUNITY HOSPITAL,TAMPA,FL,1,"APPROPRIATE TRANSFER ,"
100267,HCA FLORIDA ENGLEWOOD HOSPITAL,ENGLEWOOD,FL,1,"MEDICAL SCREENING EXAM ,"
100315,VIERA HOSPITAL,MELBOURNE,FL,2,"MEDICAL SCREENING EXAM ,"
100315,VIERA HOSPITAL,MELBOURNE,FL,2,"APPROPRIATE TRANSFER ,"
110024,CANDLER HOSPITAL,SAVANNAH,GA,1,"COMPLIANCE WITH 489.24 ,"
110024,CANDLER HOSPITAL,SAVANNAH,GA,1,"STABILIZING TREATMENT ,"
110024,CANDLER HOSPITAL,SAVANNAH,GA,1,"APPROPRIATE TRANSFER ,"
110043,ST JOSEPH'S HOSPITAL - SAVANNAH,SAVANNAH,GA,1,"ON CALL PHYSICIANS ,"
110043,ST JOSEPH'S HOSPITAL - SAVANNAH,SAVANNAH,GA,1,"APPROPRIATE TRANSFER ,"
110051,UNION GENERAL HOSPITAL,BLAIRSVILLE,GA,1,"RECIPIENT HOSPITAL RESPONSIBILITIES ,"
110076,EMORY DECATUR HOSPITAL,DECATUR,GA,1,"EMERGENCY ROOM LOG ,"
110107,ATRIUM HEALTH NAVICENT THE MEDICAL CENTER,MACON,GA,1,"COMPLIANCE WITH 489.24 ,"
110107,ATRIUM HEALTH NAVICENT THE MEDICAL CENTER,MACON,GA,1,"HOSPITAL MUST MAINTAIN RECORDS ,"
110107,ATRIUM HEALTH NAVICENT THE MEDICAL CENTER,MACON,GA,1,"EMERGENCY ROOM LOG ,"
110107,ATRIUM HEALTH NAVICENT THE MEDICAL CENTER,MACON,GA,1,"MEDICAL SCREENING EXAM ,"
110128,MEMORIAL HEALTH MEADOWS HOSPITAL,VIDALIA,GA,1,"COMPLIANCE WITH 489.24 ,"
110128,MEMORIAL HEALTH MEADOWS HOSPITAL,VIDALIA,GA,1,"EMERGENCY ROOM LOG ,"
110128,MEMORIAL HEALTH MEADOWS HOSPITAL,VIDALIA,GA,1,"MEDICAL SCREENING EXAM ,"
110128,MEMORIAL HEALTH MEADOWS HOSPITAL,VIDALIA,GA,1,"STABILIZING TREATMENT ,"
110129,ST FRANCIS HOSPITAL- EMORY HEALTHCARE,COLUMBUS,GA,1,"EMERGENCY ROOM LOG ,"
110161,NORTHSIDE HOSPITAL,ATLANTA,GA,1,"EMERGENCY ROOM LOG ,"
110177,DOCTORS HOSPITAL,AUGUSTA,GA,1,"COMPLIANCE WITH 489.24 ,"
110177,DOCTORS HOSPITAL,AUGUSTA,GA,1,"MEDICAL SCREENING EXAM ,"
110177,DOCTORS HOSPITAL,AUGUSTA,GA,1,"STABILIZING TREATMENT ,"
110177,DOCTORS HOSPITAL,AUGUSTA,GA,1,"APPROPRIATE TRANSFER ,"
110191,PIEDMONT HENRY HOSPITAL,STOCKBRIDGE,GA,1,"STABILIZING TREATMENT ,"
110191,PIEDMONT HENRY HOSPITAL,STOCKBRIDGE,GA,1,"APPROPRIATE TRANSFER ,"
110191,PIEDMONT HENRY HOSPITAL,STOCKBRIDGE,GA,1,"COMPLIANCE WITH 489.24 ,"
110226,EMORY HILLANDALE HOSPITAL,LITHONIA,GA,1,"ON CALL PHYSICIANS ,"
110226,EMORY HILLANDALE HOSPITAL,LITHONIA,GA,1,"MEDICAL SCREENING EXAM ,"
111318,MONROE COUNTY HOSPITAL,FORSYTH,GA,1,"COMPLIANCE WITH 489.24 ,"
111318,MONROE COUNTY HOSPITAL,FORSYTH,GA,1,"EMERGENCY ROOM LOG ,"
111318,MONROE COUNTY HOSPITAL,FORSYTH,GA,1,"MEDICAL SCREENING EXAM ,"
111318,MONROE COUNTY HOSPITAL,FORSYTH,GA,1,"STABILIZING TREATMENT ,"
111318,MONROE COUNTY HOSPITAL,FORSYTH,GA,1,"APPROPRIATE TRANSFER ,"
111323,OPTIM MEDICAL CENTER - TATTNALL,REIDSVILLE,GA,1,"EMERGENCY ROOM LOG ,"
111323,OPTIM MEDICAL CENTER - TATTNALL,REIDSVILLE,GA,1,"MEDICAL SCREENING EXAM ,"
111323,OPTIM MEDICAL CENTER - TATTNALL,REIDSVILLE,GA,1,"APPROPRIATE TRANSFER ,"
131314,SHOSHONE MEDICAL CENTER,KELLOGG,ID,1,"MEDICAL SCREENING EXAM ,"
140077,TOUCHETTE REGIONAL HOSPITAL INC,CENTREVILLE,IL,1,"MEDICAL SCREENING EXAM ,"
140118,METROSOUTH MEDICAL CENTER,BLUE ISLAND,IL,1,"EMERGENCY ROOM LOG ,"
140118,METROSOUTH MEDICAL CENTER,BLUE ISLAND,IL,1,"MEDICAL SCREENING EXAM ,"
141308,WASHINGTON COUNTY HOSPITAL,NASHVILLE,IL,1,"EMERGENCY ROOM LOG ,"
141308,WASHINGTON COUNTY HOSPITAL,NASHVILLE,IL,1,"MEDICAL SCREENING EXAM ,"
141311,FAIRFIELD MEMORIAL HOSPITAL 1,FAIRFIELD,IL,1,"MEDICAL SCREENING EXAM ,"
141317,GIBSON COMMUNITY HOSPITAL,GIBSON CITY,IL,1,"MEDICAL SCREENING EXAM ,"
141319,HAMMOND HENRY HOSPITAL,GENESEO,IL,1,"EMERGENCY ROOM LOG ,"
141319,HAMMOND HENRY HOSPITAL,GENESEO,IL,1,"MEDICAL SCREENING EXAM ,"
141323,MASSAC MEMORIAL HOSPITAL,METROPOLIS,IL,1,"APPROPRIATE TRANSFER ,"
141339,TAYLORVILLE MEMORIAL HOSPITAL,TAYLORVILLE,IL,1,"MEDICAL SCREENING EXAM ,"
141339,TAYLORVILLE MEMORIAL HOSPITAL,TAYLORVILLE,IL,1,"APPROPRIATE TRANSFER ,"
141344,LAWRENCE COUNTY MEMORIAL HOSPITAL,LAWRENCEVILLE,IL,1,"EMERGENCY ROOM LOG ,"
141344,LAWRENCE COUNTY MEMORIAL HOSPITAL,LAWRENCEVILLE,IL,1,"MEDICAL SCREENING EXAM ,"
150004,FRANCISCAN HEALTH HAMMOND,HAMMOND,IN,1,"MEDICAL SCREENING EXAM ,"
150012,SAINT JOSEPH REGIONAL MEDICAL CENTER,MISHAWAKA,IN,1,"STABILIZING TREATMENT ,"
150056,INDIANA UNIVERSITY HEALTH,INDIANAPOLIS,IN,1,"MEDICAL SCREENING EXAM ,"
150161,INDIANA UNIVERSITY HEALTH NORTH HOSPITAL,CARMEL,IN,1,"STABILIZING TREATMENT ,"
150161,INDIANA UNIVERSITY HEALTH NORTH HOSPITAL,CARMEL,IN,1,"APPROPRIATE TRANSFER ,"
151308,ASCENSION ST VINCENT MERCY,ELWOOD,IN,1,"APPROPRIATE TRANSFER ,"
160005,ST ANTHONY REGIONAL HOSPITAL & NURSING HOME,CARROLL,IA,1,"COMPLIANCE WITH 489.24 ,"
160005,ST ANTHONY REGIONAL HOSPITAL & NURSING HOME,CARROLL,IA,1,"MEDICAL SCREENING EXAM ,"
160016,TRINITY REGIONAL MEDICAL CENTER,FORT DODGE,IA,1,"COMPLIANCE WITH 489.24 ,"
160016,TRINITY REGIONAL MEDICAL CENTER,FORT DODGE,IA,1,"MEDICAL SCREENING EXAM ,"
160040,MERCYONE CEDAR FALLS MEDICAL CENTER,CEDAR FALLS,IA,1,"COMPLIANCE WITH 489.24 ,"
160040,MERCYONE CEDAR FALLS MEDICAL CENTER,CEDAR FALLS,IA,1,"MEDICAL SCREENING EXAM ,"
160083,MERCYONE DES MOINES MEDICAL CENTER,DES MOINES,IA,1,"COMPLIANCE WITH 489.24 ,"
160083,MERCYONE DES MOINES MEDICAL CENTER,DES MOINES,IA,1,"MEDICAL SCREENING EXAM ,"
160101,BROADLAWNS MEDICAL CENTER,DES MOINES,IA,1,"COMPLIANCE WITH 489.24 ,"
160101,BROADLAWNS MEDICAL CENTER,DES MOINES,IA,1,"MEDICAL SCREENING EXAM ,"
161340,DECATUR COUNTY HOSPITAL,LEON,IA,1,"COMPLIANCE WITH 489.24 ,"
161340,DECATUR COUNTY HOSPITAL,LEON,IA,1,"MEDICAL SCREENING EXAM ,"
161351,AVERA HOLY FAMILY HOSPITAL,ESTHERVILLE,IA,1,"COMPLIANCE WITH 489.24 ,"
161351,AVERA HOLY FAMILY HOSPITAL,ESTHERVILLE,IA,1,"MEDICAL SCREENING EXAM ,"
161352,CLARINDA REGIONAL HEALTH CENTER,CLARINDA,IA,1,"COMPLIANCE WITH 489.24 ,"
161352,CLARINDA REGIONAL HEALTH CENTER,CLARINDA,IA,1,"STABILIZING TREATMENT ,"
161357,PALO ALTO COUNTY HOSPITAL,EMMETSBURG,IA,1,"EMERGENCY ROOM LOG ,"
161366,SHENANDOAH MEDICAL CENTER,SHENANDOAH,IA,1,"COMPLIANCE WITH 489.24 ,"
161366,SHENANDOAH MEDICAL CENTER,SHENANDOAH,IA,1,"MEDICAL SCREENING EXAM ,"
161379,MAHASKA  HEALTH PARTNERSHIP,OSKALOOSA,IA,2,"COMPLIANCE WITH 489.24 ,"
161379,MAHASKA  HEALTH PARTNERSHIP,OSKALOOSA,IA,2,"APPROPRIATE TRANSFER ,"
161379,MAHASKA  HEALTH PARTNERSHIP,OSKALOOSA,IA,2,"STABILIZING TREATMENT ,"
170103,NMC HEALTH,NEWTON,KS,1,"COMPLIANCE WITH 489.24 ,"
170103,NMC HEALTH,NEWTON,KS,1,"MEDICAL SCREENING EXAM ,"
170104,ADVENTHEALTH SHAWNEE MISSION,SHAWNEE MISSION,KS,1,"MEDICAL SCREENING EXAM ,"
171347,SHERIDAN COUNTY HOSPITAL,HOXIE,KS,1,"COMPLIANCE WITH 489.24 ,"
171347,SHERIDAN COUNTY HOSPITAL,HOXIE,KS,1,"MEDICAL SCREENING EXAM ,"
180004,OWENSBORO HEALTH MUHLENBERG COMMUNITY HOSPITAL,GREENVILLE,KY,1,"COMPLIANCE WITH 489.24 ,"
180004,OWENSBORO HEALTH MUHLENBERG COMMUNITY HOSPITAL,GREENVILLE,KY,1,"MEDICAL SCREENING EXAM ,"
180016,UOFL HEALTH - SHELBYVILLE HOSPITAL,SHELBYVILLE,KY,1,"MEDICAL SCREENING EXAM ,"
180021,"PINEVILLE COMMUNITY HEALTH CENTER, INC",PINEVILLE,KY,1,"COMPLIANCE WITH 489.24 ,"
180021,"PINEVILLE COMMUNITY HEALTH CENTER, INC",PINEVILLE,KY,1,"MEDICAL SCREENING EXAM ,"
180021,"PINEVILLE COMMUNITY HEALTH CENTER, INC",PINEVILLE,KY,1,"EMERGENCY ROOM LOG ,"
180049,BAPTIST HEALTH RICHMOND,RICHMOND,KY,1,"COMPLIANCE WITH 489.24 ,"
180049,BAPTIST HEALTH RICHMOND,RICHMOND,KY,1,"STABILIZING TREATMENT ,"
180050,HARLAN ARH HOSPITAL,HARLAN,KY,1,"COMPLIANCE WITH 489.24 ,"
180050,HARLAN ARH HOSPITAL,HARLAN,KY,1,"STABILIZING TREATMENT ,"
180102,MERCY HEALTH LOURDES HOSPITAL,PADUCAH,KY,1,"EMERGENCY ROOM LOG ,"
180102,MERCY HEALTH LOURDES HOSPITAL,PADUCAH,KY,1,"MEDICAL SCREENING EXAM ,"
180124,TRISTAR GREENVIEW REGIONAL HOSPITAL,BOWLING GREEN,KY,1,"STABILIZING TREATMENT ,"
180124,TRISTAR GREENVIEW REGIONAL HOSPITAL,BOWLING GREEN,KY,1,"APPROPRIATE TRANSFER ,"
180143,CHI SAINT JOSEPH EAST,LEXINGTON,KY,1,"MEDICAL SCREENING EXAM ,"
180143,CHI SAINT JOSEPH EAST,LEXINGTON,KY,1,"STABILIZING TREATMENT ,"
181301,MARCUM & WALLACE MEMORIAL HOSPITAL,IRVINE,KY,1,"COMPLIANCE WITH 489.24 ,"
181301,MARCUM & WALLACE MEMORIAL HOSPITAL,IRVINE,KY,1,"MEDICAL SCREENING EXAM ,"
181323,OHIO COUNTY HOSPITAL,HARTFORD,KY,1,"COMPLIANCE WITH 489.24 ,"
181323,OHIO COUNTY HOSPITAL,HARTFORD,KY,1,"EMERGENCY ROOM LOG ,"
181323,OHIO COUNTY HOSPITAL,HARTFORD,KY,1,"MEDICAL SCREENING EXAM ,"
181323,OHIO COUNTY HOSPITAL,HARTFORD,KY,1,"APPROPRIATE TRANSFER ,"
190183,LEONARD J CHABERT MEDICAL CENTER,HOUMA,LA,1,"COMPLIANCE WITH 489.24 ,"
190183,LEONARD J CHABERT MEDICAL CENTER,HOUMA,LA,1,"MEDICAL SCREENING EXAM ,"
190202,OCHSNER MEDICAL CENTER - BATON ROUGE,BATON ROUGE,LA,1,"APPROPRIATE TRANSFER ,"
190274,OCHSNER MEDICAL CENTER-KENNER,KENNER,LA,1,"COMPLIANCE WITH 489.24 ,"
190274,OCHSNER MEDICAL CENTER-KENNER,KENNER,LA,1,"EMERGENCY ROOM LOG ,"
190274,OCHSNER MEDICAL CENTER-KENNER,KENNER,LA,1,"MEDICAL SCREENING EXAM ,"
191308,PREVOST MEMORIAL HOSPITAL,DONALDSONVILLE,LA,1,"MEDICAL SCREENING EXAM ,"
200019,SOUTHERN MAINE HEALTH CARE,BIDDEFORD,ME,1,"MEDICAL SCREENING EXAM ,"
201307,MILLINOCKET REGIONAL HOSPITAL,MILLINOCKET,ME,1,"COMPLIANCE WITH 489.24 ,"
201307,MILLINOCKET REGIONAL HOSPITAL,MILLINOCKET,ME,1,"MEDICAL SCREENING EXAM ,"
201307,MILLINOCKET REGIONAL HOSPITAL,MILLINOCKET,ME,1,"STABILIZING TREATMENT ,"
201307,MILLINOCKET REGIONAL HOSPITAL,MILLINOCKET,ME,1,"APPROPRIATE TRANSFER ,"
201312,WALDO COUNTY GENERAL HOSPITAL,BELFAST,ME,1,"STABILIZING TREATMENT ,"
210015,MEDSTAR FRANKLIN SQUARE MEDICAL CENTER,ROSEDALE,MD,1,"RECIPIENT HOSPITAL RESPONSIBILITIES ,"
210032,UNION HOSPITAL OF CECIL COUNTY,ELKTON,MD,1,"EMERGENCY ROOM LOG ,"
220080,HOLY FAMILY HOSPITAL,METHUEN,MA,1,"MEDICAL SCREENING EXAM ,"
230024,SINAI-GRACE HOSPITAL,DETROIT,MI,1,"MEDICAL SCREENING EXAM ,"
230105,MCLAREN NORTHERN MICHIGAN,PETOSKEY,MI,1,"MEDICAL SCREENING EXAM ,"
230165,ASCENSION ST JOHN HOSPITAL,DETROIT,MI,1,"STABILIZING TREATMENT ,"
230216,MCLAREN PORT HURON,PORT HURON,MI,1,"MEDICAL SCREENING EXAM ,"
230302,HENRY FORD HEALTH WEST BLOOMFIELD HOSPITAL,WEST BLOOMFIELD,MI,1,"EMERGENCY ROOM LOG ,"
230302,HENRY FORD HEALTH WEST BLOOMFIELD HOSPITAL,WEST BLOOMFIELD,MI,1,"MEDICAL SCREENING EXAM ,"
231310,SCHEURER HOSPITAL,PIGEON,MI,1,"MEDICAL SCREENING EXAM ,"
231315,ASCENSION BORGESS LEE HOSPITAL,DOWAGIAC,MI,1,"STABILIZING TREATMENT ,"
231318,"ASPIRUS IRON RIVER HOSPITAL & CLINICS, INC",IRON RIVER,MI,1,"APPROPRIATE TRANSFER ,"
231320,TRINITY HEALTH SHELBY HOSPITAL,SHELBY,MI,1,"MEDICAL SCREENING EXAM ,"
240018,MAYO CLINIC HEALTH SYSTEM - RED WING,RED WING,MN,1,"MEDICAL SCREENING EXAM ,"
240018,MAYO CLINIC HEALTH SYSTEM - RED WING,RED WING,MN,1,"APPROPRIATE TRANSFER ,"
240043,MAYO CLINIC HEALTH SYSTEM - ALBERT LEA AND AUSTIN,ALBERT LEA,MN,1,"COMPLIANCE WITH 489.24 ,"
240043,MAYO CLINIC HEALTH SYSTEM - ALBERT LEA AND AUSTIN,ALBERT LEA,MN,1,"STABILIZING TREATMENT ,"
240057,ABBOTT NORTHWESTERN HOSPITAL,MINNEAPOLIS,MN,1,"COMPLIANCE WITH 489.24 ,"
240057,ABBOTT NORTHWESTERN HOSPITAL,MINNEAPOLIS,MN,1,"MEDICAL SCREENING EXAM ,"
240071,DISTRICT ONE HOSPITAL,FARIBAULT,MN,1,"MEDICAL SCREENING EXAM ,"
240088,CENTRACARE- RICE MEMORIAL HOSPITAL,WILLMAR,MN,1,"APPROPRIATE TRANSFER ,"
240166,MAYO CLINIC HEALTH SYSTEM - FAIRMONT,FAIRMONT,MN,1,"APPROPRIATE TRANSFER ,"
241345,MAYO CLINIC HEALTH SYSTEM-WASECA,WASECA,MN,1,"MEDICAL SCREENING EXAM ,"
241345,MAYO CLINIC HEALTH SYSTEM-WASECA,WASECA,MN,1,"APPROPRIATE TRANSFER ,"
241365,SWIFT COUNTY BENSON HEALTH SERVICES,BENSON,MN,2,"COMPLIANCE WITH 489.24 ,"
241365,SWIFT COUNTY BENSON HEALTH SERVICES,BENSON,MN,2,"MEDICAL SCREENING EXAM ,"
241365,SWIFT COUNTY BENSON HEALTH SERVICES,BENSON,MN,2,"EMERGENCY ROOM LOG ,"
250050,OCH REGIONAL MEDICAL CENTER,STARKVILLE,MS,1,"MEDICAL SCREENING EXAM ,"
250050,OCH REGIONAL MEDICAL CENTER,STARKVILLE,MS,1,"STABILIZING TREATMENT ,"
250084,MERIT HEALTH NATCHEZ,NATCHEZ,MS,1,"COMPLIANCE WITH 489.24 ,"
250084,MERIT HEALTH NATCHEZ,NATCHEZ,MS,1,"MEDICAL SCREENING EXAM ,"
250084,MERIT HEALTH NATCHEZ,NATCHEZ,MS,1,"STABILIZING TREATMENT ,"
250104,ANDERSON REGIONAL MEDICAL CENTER,MERIDIAN,MS,1,"COMPLIANCE WITH 489.24 ,"
250104,ANDERSON REGIONAL MEDICAL CENTER,MERIDIAN,MS,1,"MEDICAL SCREENING EXAM ,"
250104,ANDERSON REGIONAL MEDICAL CENTER,MERIDIAN,MS,1,"STABILIZING TREATMENT ,"
251326,JEFFERSON DAVIS COMMUNITY HOSPITAL CAH,PRENTISS,MS,1,"MEDICAL SCREENING EXAM ,"
260005,SSM HEALTH ST JOSEPH HOSPITAL-ST CHARLES,SAINT CHARLES,MO,1,"RECIPIENT HOSPITAL RESPONSIBILITIES ,"
260059,MERCY HOSPITAL LEBANON,LEBANON,MO,1,"STABILIZING TREATMENT ,"
260102,UNIVERSITY HEALTH LAKEWOOD MEDICAL CENTER,KANSAS CITY,MO,1,"MEDICAL SCREENING EXAM ,"
260102,UNIVERSITY HEALTH LAKEWOOD MEDICAL CENTER,KANSAS CITY,MO,1,"EMERGENCY ROOM LOG ,"
260116,PARKLAND HEALTH CENTER - WEBER ROAD,FARMINGTON,MO,1,"COMPLIANCE WITH 489.24 ,"
260116,PARKLAND HEALTH CENTER - WEBER ROAD,FARMINGTON,MO,1,"APPROPRIATE TRANSFER ,"
260116,PARKLAND HEALTH CENTER - WEBER ROAD,FARMINGTON,MO,1,"EMERGENCY ROOM LOG ,"
260175,GOLDEN VALLEY MEMORIAL HOSPITAL,CLINTON,MO,1,"EMERGENCY ROOM LOG ,"
261334,I-70 COMMUNITY HOSPITAL,SWEET SPRINGS,MO,1,"COMPLIANCE WITH 489.24 ,"
261334,I-70 COMMUNITY HOSPITAL,SWEET SPRINGS,MO,1,"MEDICAL SCREENING EXAM ,"
271314,DEER LODGE MEDICAL CENTER,DEER LODGE,MT,1,"MEDICAL SCREENING EXAM ,"
271328,MARIAS MEDICAL CENTER,SHELBY,MT,1,"MEDICAL SCREENING EXAM ,"
271333,BILLINGS CLINIC BROADWATER,TOWNSEND,MT,1,"MEDICAL SCREENING EXAM ,"
271338,BIG HORN HOSPITAL,HARDIN,MT,1,"APPROPRIATE TRANSFER ,"
271344,SIDNEY HEALTH CENTER,SIDNEY,MT,1,"EMERGENCY ROOM LOG ,"
271344,SIDNEY HEALTH CENTER,SIDNEY,MT,1,"MEDICAL SCREENING EXAM ,"
271344,SIDNEY HEALTH CENTER,SIDNEY,MT,1,"STABILIZING TREATMENT ,"
271344,SIDNEY HEALTH CENTER,SIDNEY,MT,1,"APPROPRIATE TRANSFER ,"
280032,MARY LANNING HEALTHCARE,HASTINGS,NE,1,"COMPLIANCE WITH 489.24 ,"
280032,MARY LANNING HEALTHCARE,HASTINGS,NE,1,"APPROPRIATE TRANSFER ,"
281300,HARLAN COUNTY HEALTH SYSTEM,ALMA,NE,1,"MEDICAL SCREENING EXAM ,"
281307,SAUNDERS MEDICAL CENTER,WAHOO,NE,1,"COMPLIANCE WITH 489.24 ,"
281307,SAUNDERS MEDICAL CENTER,WAHOO,NE,1,"MEDICAL SCREENING EXAM ,"
281312,GENOA COMMUNITY HOSPITAL,GENOA,NE,1,"COMPLIANCE WITH 489.24 ,"
281312,GENOA COMMUNITY HOSPITAL,GENOA,NE,1,"EMERGENCY ROOM LOG ,"
281312,GENOA COMMUNITY HOSPITAL,GENOA,NE,1,"MEDICAL SCREENING EXAM ,"
281323,CHI HEALTH SCHUYLER,SCHUYLER,NE,1,"COMPLIANCE WITH 489.24 ,"
281323,CHI HEALTH SCHUYLER,SCHUYLER,NE,1,"EMERGENCY ROOM LOG ,"
281323,CHI HEALTH SCHUYLER,SCHUYLER,NE,1,"MEDICAL SCREENING EXAM ,"
281335,CALLAWAY DISTRICT HOSPITAL,CALLAWAY,NE,1,"COMPLIANCE WITH 489.24 ,"
281335,CALLAWAY DISTRICT HOSPITAL,CALLAWAY,NE,1,"MEDICAL SCREENING EXAM ,"
281340,DUNDY COUNTY HOSPITAL,BENKELMAN,NE,1,"MEDICAL SCREENING EXAM ,"
281347,OSMOND GENERAL HOSPITAL,OSMOND,NE,1,"COMPLIANCE WITH 489.24 ,"
281347,OSMOND GENERAL HOSPITAL,OSMOND,NE,1,"MEDICAL SCREENING EXAM ,"
281361,LEXINGTON REGIONAL HEALTH CENTER,LEXINGTON,NE,1,"COMPLIANCE WITH 489.24 ,"
281361,LEXINGTON REGIONAL HEALTH CENTER,LEXINGTON,NE,1,"EMERGENCY ROOM LOG ,"
281361,LEXINGTON REGIONAL HEALTH CENTER,LEXINGTON,NE,1,"MEDICAL SCREENING EXAM ,"
281365,JENNIE M MELHAM MEMORIAL MEDICAL CENTER,BROKEN BOW,NE,2,"COMPLIANCE WITH 489.24 ,"
281365,JENNIE M MELHAM MEMORIAL MEDICAL CENTER,BROKEN BOW,NE,2,"MEDICAL SCREENING EXAM ,"
290003,SUNRISE HOSPITAL AND MEDICAL CENTER,LAS VEGAS,NV,1,"MEDICAL SCREENING EXAM ,"
290007,UNIVERSITY MEDICAL CENTER,LAS VEGAS,NV,1,"MEDICAL SCREENING EXAM ,"
290007,UNIVERSITY MEDICAL CENTER,LAS VEGAS,NV,1,"DELAY IN EXAMINATION OR TREATMENT ,"
290020,NYE REGIONAL MEDICAL CENTER,TONOPAH,NV,1,"MEDICAL SCREENING EXAM ,"
290045,SAINT ROSE DOMINICAN HOSPITALS - SIENA CAMPUS,HENDERSON,NV,1,"DELAY IN EXAMINATION OR TREATMENT ,"
290045,SAINT ROSE DOMINICAN HOSPITALS - SIENA CAMPUS,HENDERSON,NV,1,"MEDICAL SCREENING EXAM ,"
290046,SPRING VALLEY HOSPITAL MEDICAL CENTER,LAS VEGAS,NV,1,"EMERGENCY ROOM LOG ,"
290046,SPRING VALLEY HOSPITAL MEDICAL CENTER,LAS VEGAS,NV,1,"MEDICAL SCREENING EXAM ,"
301308,VALLEY REGIONAL HOSPITAL,CLAREMONT,NH,1,"MEDICAL SCREENING EXAM ,"
310014,COOPER UNIVERSITY HOSPITAL,CAMDEN,NJ,1,"STABILIZING TREATMENT ,"
310019,ST JOSEPH'S UNIVERSITY MEDICAL CENTER,PATERSON,NJ,2,"MEDICAL SCREENING EXAM ,"
310019,ST JOSEPH'S UNIVERSITY MEDICAL CENTER,PATERSON,NJ,2,"STABILIZING TREATMENT ,"
310022,WEST JERSEY HOSPITAL,VOORHEES,NJ,1,"EMERGENCY ROOM LOG ,"
310038,ROBERT WOOD JOHNSON UNIVERSITY HOSPITAL,NEW BRUNSWICK,NJ,1,"EMERGENCY ROOM LOG ,"
310044,CAPITAL HEALTH MEDICAL CENTER - HOPEWELL,PENNINGTON,NJ,1,"MEDICAL SCREENING EXAM ,"
310044,CAPITAL HEALTH MEDICAL CENTER - HOPEWELL,PENNINGTON,NJ,1,"STABILIZING TREATMENT ,"
310045,ENGLEWOOD HOSPITAL AND MEDICAL CENTER,ENGLEWOOD,NJ,1,"MEDICAL SCREENING EXAM ,"
310052,OCEAN UNIVERSITY MEDICAL CENTER,BRICK,NJ,1,"MEDICAL SCREENING EXAM ,"
310074,JERSEY CITY MEDICAL CENTER,JERSEY CITY,NJ,1,"MEDICAL SCREENING EXAM ,"
310096,SAINT MICHAEL'S MEDICAL CENTER,NEWARK,NJ,1,"APPROPRIATE TRANSFER ,"
310096,SAINT MICHAEL'S MEDICAL CENTER,NEWARK,NJ,1,"MEDICAL SCREENING EXAM ,"
310115,HACKETTSTOWN MEDICAL CENTER,HACKETTSTOWN,NJ,1,"STABILIZING TREATMENT ,"
310130,HACKENSACK MERIDIAN HEALTH PASCACK VALLEY MEDICAL,WESTWOOD,NJ,1,"COMPLIANCE WITH 489.24 ,"
310130,HACKENSACK MERIDIAN HEALTH PASCACK VALLEY MEDICAL,WESTWOOD,NJ,1,"DELAY IN EXAMINATION OR TREATMENT ,"
320070,DHHS USPHS INDIAN HEALTH SERVICES,SAN FIDEL,NM,1,"APPROPRIATE TRANSFER ,"
320086,LOVELACE REGIONAL HOSPITAL - ROSWELL,ROSWELL,NM,1,"MEDICAL SCREENING EXAM ,"
330004,HEALTHALLIANCE HOSPITAL BROADWAY CAMPUS,KINGSTON,NY,1,"MEDICAL SCREENING EXAM ,"
330004,HEALTHALLIANCE HOSPITAL BROADWAY CAMPUS,KINGSTON,NY,1,"STABILIZING TREATMENT ,"
330008,WYOMING COUNTY COMMUNITY HOSPITAL,WARSAW,NY,1,"MEDICAL SCREENING EXAM ,"
330024,MOUNT SINAI HOSPITAL,NEW YORK,NY,1,"APPROPRIATE TRANSFER ,"
330045,HUNTINGTON HOSPITAL,HUNTINGTON,NY,1,"EMERGENCY ROOM LOG ,"
330045,HUNTINGTON HOSPITAL,HUNTINGTON,NY,1,"APPROPRIATE TRANSFER ,"
330056,BROOKLYN HOSPITAL CENTER - DOWNTOWN CAMPUS,BROOKLYN,NY,1,"MEDICAL SCREENING EXAM ,"
330056,BROOKLYN HOSPITAL CENTER - DOWNTOWN CAMPUS,BROOKLYN,NY,1,"DELAY IN EXAMINATION OR TREATMENT ,"
330059,MONTEFIORE MEDICAL CENTER,BRONX,NY,1,"EMERGENCY ROOM LOG ,"
330061,NEW YORK-PRESBYTERIAN HOSPITAL/LAWRENCE,BRONXVILLE,NY,1,"MEDICAL SCREENING EXAM ,"
330090,ARNOT OGDEN MEDICAL CENTER,ELMIRA,NY,3,"RECIPIENT HOSPITAL RESPONSIBILITIES ,"
330090,ARNOT OGDEN MEDICAL CENTER,ELMIRA,NY,3,"MEDICAL SCREENING EXAM ,"
330090,ARNOT OGDEN MEDICAL CENTER,ELMIRA,NY,3,"EMERGENCY ROOM LOG ,"
330108,ST JOSEPH'S HOSPITAL,ELMIRA,NY,1,"EMERGENCY ROOM LOG ,"
330108,ST JOSEPH'S HOSPITAL,ELMIRA,NY,1,"MEDICAL SCREENING EXAM ,"
330128,ELMHURST HOSPITAL CENTER,ELMHURST,NY,1,"EMERGENCY ROOM LOG ,"
330132,TLC NETWORK,IRVING,NY,1,"APPROPRIATE TRANSFER ,"
330132,TLC NETWORK,IRVING,NY,1,"MEDICAL SCREENING EXAM ,"
330132,TLC NETWORK,IRVING,NY,1,"STABILIZING TREATMENT ,"
330135,BON SECOURS COMMUNITY HOSPITAL,PORT JERVIS,NY,2,"STABILIZING TREATMENT ,"
330136,MARY IMOGENE BASSETT HOSPITAL,COOPERSTOWN,NY,1,"MEDICAL SCREENING EXAM ,"
330136,MARY IMOGENE BASSETT HOSPITAL,COOPERSTOWN,NY,1,"APPROPRIATE TRANSFER ,"
330141,LONG ISLAND COMMUNITY HOSPITAL,PATCHOGUE,NY,1,"APPROPRIATE TRANSFER ,"
330169,MOUNT SINAI BETH ISRAEL,NEW YORK,NY,1,"APPROPRIATE TRANSFER ,"
330181,GLEN COVE HOSPITAL,GLEN COVE,NY,1,"MEDICAL SCREENING EXAM ,"
330184,MONTEFIORE NEW ROCHELLE HOSPITAL,NEW ROCHELLE,NY,1,"MEDICAL SCREENING EXAM ,"
330195,LONG ISLAND JEWISH MEDICAL CENTER,NEW HYDE PARK,NY,1,"EMERGENCY ROOM LOG ,"
330197,CANTON-POTSDAM HOSPITAL,POTSDAM,NY,1,"EMERGENCY ROOM LOG ,"
330198,MOUNT SINAI SOUTH NASSAU,OCEANSIDE,NY,1,"EMERGENCY ROOM LOG ,"
330208,ST JOHN'S RIVERSIDE HOSPITAL,YONKERS,NY,1,"MEDICAL SCREENING EXAM ,"
330236,NEW YORK-PRESBYTERIAN BROOKLYN METHODIST HOSPITAL,BROOKLYN,NY,1,"STABILIZING TREATMENT ,"
330273,PUTNAM HOSPITAL CENTER,CARMEL,NY,1,"MEDICAL SCREENING EXAM ,"
330277,CORNING HOSPITAL,CORNING,NY,1,"MEDICAL SCREENING EXAM ,"
330277,CORNING HOSPITAL,CORNING,NY,1,"EMERGENCY ROOM LOG ,"
330304,WHITE PLAINS HOSPITAL CENTER,WHITE PLAINS,NY,1,"EMERGENCY ROOM LOG ,"
330304,WHITE PLAINS HOSPITAL CENTER,WHITE PLAINS,NY,1,"MEDICAL SCREENING EXAM ,"
330350,SUNY HEALTH SCIENCE CENTER AT BROOKLYN UNIVERSITY,BROOKLYN,NY,1,"EMERGENCY ROOM LOG ,"
330393,STONY BROOK UNIVERSITY HOSPITAL,STONY BROOK,NY,1,"MEDICAL SCREENING EXAM ,"
330395,ST JOHN'S EPISCOPAL HOSPITAL AT SOUTH SHORE,FAR ROCKAWAY,NY,1,"DELAY IN EXAMINATION OR TREATMENT ,"
330395,ST JOHN'S EPISCOPAL HOSPITAL AT SOUTH SHORE,FAR ROCKAWAY,NY,1,"EMERGENCY ROOM LOG ,"
340001,ATRIUM HEALTH CABARRUS,CONCORD,NC,1,"APPROPRIATE TRANSFER ,"
340003,NORTHERN REGIONAL HOSPITAL,MOUNT AIRY,NC,1,"MEDICAL SCREENING EXAM ,"
340023,ADVENTHEALTH HENDERSONVILLE,HENDERSONVILLE,NC,1,"MEDICAL SCREENING EXAM ,"
340023,ADVENTHEALTH HENDERSONVILLE,HENDERSONVILLE,NC,1,"STABILIZING TREATMENT ,"
340023,ADVENTHEALTH HENDERSONVILLE,HENDERSONVILLE,NC,1,"APPROPRIATE TRANSFER ,"
340024,SAMPSON REGIONAL MEDICAL CENTER,CLINTON,NC,2,"MEDICAL SCREENING EXAM ,"
340024,SAMPSON REGIONAL MEDICAL CENTER,CLINTON,NC,2,"STABILIZING TREATMENT ,"
340024,SAMPSON REGIONAL MEDICAL CENTER,CLINTON,NC,2,"APPROPRIATE TRANSFER ,"
340028,CAPE FEAR VALLEY MEDICAL CENTER,FAYETTEVILLE,NC,1,"MEDICAL SCREENING EXAM ,"
340028,CAPE FEAR VALLEY MEDICAL CENTER,FAYETTEVILLE,NC,1,"STABILIZING TREATMENT ,"
340042,ONSLOW MEMORIAL HOSPITAL,JACKSONVILLE,NC,1,"APPROPRIATE TRANSFER ,"
340042,ONSLOW MEMORIAL HOSPITAL,JACKSONVILLE,NC,1,"MEDICAL SCREENING EXAM ,"
340047,NORTH CAROLINA BAPTIST HOSPITAL,WINSTON-SALEM,NC,1,"APPROPRIATE TRANSFER ,"
340050,SOUTHEASTERN REGIONAL MEDICAL CENTER,LUMBERTON,NC,1,"MEDICAL SCREENING EXAM ,"
340050,SOUTHEASTERN REGIONAL MEDICAL CENTER,LUMBERTON,NC,1,"STABILIZING TREATMENT ,"
340051,WATAUGA MEDICAL CENTER,BOONE,NC,1,"MEDICAL SCREENING EXAM ,"
340053,NOVANT HEALTH PRESBYTERIAN MEDICAL CENTER,CHARLOTTE,NC,1,"MEDICAL SCREENING EXAM ,"
340070,ALAMANCE REGIONAL MEDICAL CENTER,BURLINGTON,NC,1,"APPROPRIATE TRANSFER ,"
340073,DUKE HEALTH RALEIGH HOSPITAL,RALEIGH,NC,1,"MEDICAL SCREENING EXAM ,"
340090,JOHNSTON HEALTH,SMITHFIELD,NC,1,"ON CALL PHYSICIANS ,"
340090,JOHNSTON HEALTH,SMITHFIELD,NC,1,"MEDICAL SCREENING EXAM ,"
340091,THE MOSES H CONE MEMORIAL HOSPITAL,GREENSBORO,NC,1,"COMPLIANCE WITH 489.24 ,"
340116,FRYE REGIONAL MEDICAL CENTER,HICKORY,NC,1,"MEDICAL SCREENING EXAM ,"
340116,FRYE REGIONAL MEDICAL CENTER,HICKORY,NC,1,"APPROPRIATE TRANSFER ,"
340123,RANDOLPH HOSPITAL,ASHEBORO,NC,1,"MEDICAL SCREENING EXAM ,"
340126,WILSON MEDICAL CENTER,WILSON,NC,1,"APPROPRIATE TRANSFER ,"
340131,CAROLINA EAST MEDICAL CENTER,NEW BERN,NC,2,"APPROPRIATE TRANSFER ,"
340131,CAROLINA EAST MEDICAL CENTER,NEW BERN,NC,2,"MEDICAL SCREENING EXAM ,"
340133,MARTIN GENERAL HOSPITAL,WILLIAMSTON,NC,1,"COMPLIANCE WITH 489.24 ,"
340133,MARTIN GENERAL HOSPITAL,WILLIAMSTON,NC,1,"EMERGENCY ROOM LOG ,"
340133,MARTIN GENERAL HOSPITAL,WILLIAMSTON,NC,1,"MEDICAL SCREENING EXAM ,"
340143,CATAWBA VALLEY MEDICAL CENTER,HICKORY,NC,2,"MEDICAL SCREENING EXAM ,"
340143,CATAWBA VALLEY MEDICAL CENTER,HICKORY,NC,2,"EMERGENCY ROOM LOG ,"
340145,ATRIUM HEALTH LINCOLN,LINCOLNTON,NC,1,"HOSPITAL MUST MAINTAIN RECORDS ,"
340145,ATRIUM HEALTH LINCOLN,LINCOLNTON,NC,1,"MEDICAL SCREENING EXAM ,"
340147,NASH GENERAL HOSPITAL,ROCKY MOUNT,NC,1,"MEDICAL SCREENING EXAM ,"
340147,NASH GENERAL HOSPITAL,ROCKY MOUNT,NC,1,"STABILIZING TREATMENT ,"
340151,HALIFAX REGIONAL MEDICAL CENTER INC,ROANOKE RAPIDS,NC,2,"MEDICAL SCREENING EXAM ,"
340151,HALIFAX REGIONAL MEDICAL CENTER INC,ROANOKE RAPIDS,NC,2,"APPROPRIATE TRANSFER ,"
340151,HALIFAX REGIONAL MEDICAL CENTER INC,ROANOKE RAPIDS,NC,2,"STABILIZING TREATMENT ,"
340155,DUKE REGIONAL HOSPITAL,DURHAM,NC,1,"APPROPRIATE TRANSFER ,"
340183,NOVANT HEALTH HUNTERSVILLE MEDICAL CENTER,HUNTERSVILLE,NC,1,"MEDICAL SCREENING EXAM ,"
341314,WASHINGTON COUNTY HOSP INC,PLYMOUTH,NC,1,"APPROPRIATE TRANSFER ,"
350019,ALTRU HOSPITAL,GRAND FORKS,ND,1,"STABILIZING TREATMENT ,"
351301,MOUNTRAIL COUNTY MEDICAL CENTER INC,STANLEY,ND,1,"MEDICAL SCREENING EXAM ,"
351301,MOUNTRAIL COUNTY MEDICAL CENTER INC,STANLEY,ND,1,"APPROPRIATE TRANSFER ,"
351318,CARRINGTON HEALTH CENTER,CARRINGTON,ND,1,"APPROPRIATE TRANSFER ,"
351327,SMP HEALTH ST ALOISIUS,HARVEY,ND,1,"APPROPRIATE TRANSFER ,"
351335,JAMESTOWN REGIONAL MEDICAL CENTER,JAMESTOWN,ND,1,"EMERGENCY ROOM LOG ,"
351335,JAMESTOWN REGIONAL MEDICAL CENTER,JAMESTOWN,ND,1,"MEDICAL SCREENING EXAM ,"
360006,RIVERSIDE METHODIST HOSPITAL,COLUMBUS,OH,1,"MEDICAL SCREENING EXAM ,"
360035,MOUNT CARMEL EAST,COLUMBUS,OH,1,"COMPLIANCE WITH 489.24 ,"
360035,MOUNT CARMEL EAST,COLUMBUS,OH,1,"STABILIZING TREATMENT ,"
360081,MERCY HEALTH - ST CHARLES HOSPITAL,OREGON,OH,1,"APPROPRIATE TRANSFER ,"
360098,LAKE HEALTH,CONCORD,OH,1,"STABILIZING TREATMENT ,"
360137,UH CLEVELAND MEDICAL CENTER,CLEVELAND,OH,1,"MEDICAL SCREENING EXAM ,"
360141,"STEWARD NORTHSIDE MEDICAL CENTER, INC",YOUNGSTOWN,OH,1,"MEDICAL SCREENING EXAM ,"
360150,SUMMA WESTERN RESERVE HOSPITAL,CUYAHOGA FALLS,OH,1,"APPROPRIATE TRANSFER ,"
370091,"SAINT FRANCIS HOSPITAL, INC",TULSA,OK,1,"MEDICAL SCREENING EXAM ,"
370091,"SAINT FRANCIS HOSPITAL, INC",TULSA,OK,1,"STABILIZING TREATMENT ,"
370156,PAULS VALLEY HOSPITAL AUTHORITY,PAULS VALLEY,OK,1,"MEDICAL SCREENING EXAM ,"
370215,"OKLAHOMA HEART HOSPITAL, LLC",OKLAHOMA CITY,OK,1,"MEDICAL SCREENING EXAM ,"
371302,"MERCY HOSPITAL WATONGA, INC",WATONGA,OK,1,"COMPLIANCE WITH 489.24 ,"
371302,"MERCY HOSPITAL WATONGA, INC",WATONGA,OK,1,"MEDICAL SCREENING EXAM ,"
371302,"MERCY HOSPITAL WATONGA, INC",WATONGA,OK,1,"APPROPRIATE TRANSFER ,"
371314,THE PHYSICIANS' HOSPITAL IN ANADARKO,ANADARKO,OK,1,"MEDICAL SCREENING EXAM ,"
371325,CORDELL MEMORIAL HOSPITAL,CORDELL,OK,1,"MEDICAL SCREENING EXAM ,"
380017,LEGACY GOOD SAMARITAN MEDICAL CENTER,PORTLAND,OR,1,"MEDICAL SCREENING EXAM ,"
380017,LEGACY GOOD SAMARITAN MEDICAL CENTER,PORTLAND,OR,1,"STABILIZING TREATMENT ,"
380017,LEGACY GOOD SAMARITAN MEDICAL CENTER,PORTLAND,OR,1,"APPROPRIATE TRANSFER ,"
380020,MCKENZIE-WILLAMETTE MEDICAL CENTER,SPRINGFIELD,OR,1,"APPROPRIATE TRANSFER ,"
380021,TUALITY COMMUNITY HOSPITAL,HILLSBORO,OR,1,"STABILIZING TREATMENT ,"
380021,TUALITY COMMUNITY HOSPITAL,HILLSBORO,OR,1,"APPROPRIATE TRANSFER ,"
380038,PROVIDENCE WILLAMETTE FALLS MEDICAL CENTER,OREGON CITY,OR,1,"MEDICAL SCREENING EXAM ,"
380040,ST CHARLES REDMOND,REDMOND,OR,1,"MEDICAL SCREENING EXAM ,"
380040,ST CHARLES REDMOND,REDMOND,OR,1,"APPROPRIATE TRANSFER ,"
380052,"SAINT ALPHONSUS MEDICAL CENTER - ONTARIO, INC",ONTARIO,OR,1,"APPROPRIATE TRANSFER ,"
380060,ADVENTIST HEALTH PORTLAND,PORTLAND,OR,1,"APPROPRIATE TRANSFER ,"
380061,PROVIDENCE PORTLAND MEDICAL CENTER,PORTLAND,OR,1,"APPROPRIATE TRANSFER ,"
380071,WILLAMETTE VALLEY MEDICAL CENTER,MCMINNVILLE,OR,1,"COMPLIANCE WITH 489.24 ,"
380071,WILLAMETTE VALLEY MEDICAL CENTER,MCMINNVILLE,OR,1,"APPROPRIATE TRANSFER ,"
380082,PROVIDENCE MILWAUKIE HOSPITAL,MILWAUKIE,OR,1,"APPROPRIATE TRANSFER ,"
380091,KAISER SUNNYSIDE MEDICAL CENTER,CLACKAMAS,OR,1,"MEDICAL SCREENING EXAM ,"
380091,KAISER SUNNYSIDE MEDICAL CENTER,CLACKAMAS,OR,1,"APPROPRIATE TRANSFER ,"
381304,SOUTHERN COOS HOSPITAL & HEALTH CENTER,BANDON,OR,1,"EMERGENCY ROOM LOG ,"
381304,SOUTHERN COOS HOSPITAL & HEALTH CENTER,BANDON,OR,1,"APPROPRIATE TRANSFER ,"
381315,"SAINT ALPHONSUS MEDICAL CENTER - BAKER CITY, INC",BAKER CITY,OR,1,"COMPLIANCE WITH 489.24 ,"
381315,"SAINT ALPHONSUS MEDICAL CENTER - BAKER CITY, INC",BAKER CITY,OR,1,"MEDICAL SCREENING EXAM ,"
381315,"SAINT ALPHONSUS MEDICAL CENTER - BAKER CITY, INC",BAKER CITY,OR,1,"APPROPRIATE TRANSFER ,"
381318,PROVIDENCE HOOD RIVER MEMORIAL HOSPITAL,HOOD RIVER,OR,1,"EMERGENCY ROOM LOG ,"
381318,PROVIDENCE HOOD RIVER MEMORIAL HOSPITAL,HOOD RIVER,OR,1,"APPROPRIATE TRANSFER ,"
381325,GOOD SHEPHERD MEDICAL CENTER,HERMISTON,OR,1,"EMERGENCY ROOM LOG ,"
381325,GOOD SHEPHERD MEDICAL CENTER,HERMISTON,OR,1,"MEDICAL SCREENING EXAM ,"
390003,GEISINGER-BLOOMSBURG HOSPITAL,BLOOMSBURG,PA,1,"HOSPITAL MUST MAINTAIN RECORDS ,"
390003,GEISINGER-BLOOMSBURG HOSPITAL,BLOOMSBURG,PA,1,"EMERGENCY ROOM LOG ,"
390016,UPMC JAMESON,NEW CASTLE,PA,1,"STABILIZING TREATMENT ,"
390016,UPMC JAMESON,NEW CASTLE,PA,1,"APPROPRIATE TRANSFER ,"
390028,UPMC MERCY,PITTSBURGH,PA,1,"DELAY IN EXAMINATION OR TREATMENT ,"
390046,WELLSPAN YORK HOSPITAL,YORK,PA,1,"MEDICAL SCREENING EXAM ,"
390052,PENN HIGHLANDS CLEARFIELD,CLEARFIELD,PA,1,"EMERGENCY ROOM LOG ,"
390052,PENN HIGHLANDS CLEARFIELD,CLEARFIELD,PA,1,"MEDICAL SCREENING EXAM ,"
390052,PENN HIGHLANDS CLEARFIELD,CLEARFIELD,PA,1,"APPROPRIATE TRANSFER ,"
390056,PENN HIGHLANDS HUNTINGDON,HUNTINGDON,PA,2,"MEDICAL SCREENING EXAM ,"
390056,PENN HIGHLANDS HUNTINGDON,HUNTINGDON,PA,2,"APPROPRIATE TRANSFER ,"
390063,UPMC HAMOT,ERIE,PA,1,"MEDICAL SCREENING EXAM ,"
390073,UPMC ALTOONA,ALTOONA,PA,1,"MEDICAL SCREENING EXAM ,"
390081,DELAWARE COUNTY MEMORIAL HOSPITAL,DREXEL HILL,PA,1,"COMPLIANCE WITH 489.24 ,"
390081,DELAWARE COUNTY MEMORIAL HOSPITAL,DREXEL HILL,PA,1,"MEDICAL SCREENING EXAM ,"
390086,PENN HIGHLANDS DUBOIS,DUBOIS,PA,1,"MEDICAL SCREENING EXAM ,"
390110,CONEMAUGH MEMORIAL MEDICAL CENTER,JOHNSTOWN,PA,1,"MEDICAL SCREENING EXAM ,"
390112,CHAN SOON- SHIONG MEDICAL CENTER AT WINDBER,WINDBER,PA,1,"MEDICAL SCREENING EXAM ,"
390117,UPMC BEDFORD MEMORIAL,EVERETT,PA,2,"MEDICAL SCREENING EXAM ,"
390117,UPMC BEDFORD MEMORIAL,EVERETT,PA,2,"EMERGENCY ROOM LOG ,"
390117,UPMC BEDFORD MEMORIAL,EVERETT,PA,2,"APPROPRIATE TRANSFER ,"
390147,PENN HIGHLANDS MON VALLEY,MONONGAHELA,PA,1,"APPROPRIATE TRANSFER ,"
390156,MERCY CATHOLIC MEDICAL CENTER- MERCY FITZGERALD,DARBY,PA,1,"COMPLIANCE WITH 489.24 ,"
390156,MERCY CATHOLIC MEDICAL CENTER- MERCY FITZGERALD,DARBY,PA,1,"EMERGENCY ROOM LOG ,"
390156,MERCY CATHOLIC MEDICAL CENTER- MERCY FITZGERALD,DARBY,PA,1,"MEDICAL SCREENING EXAM ,"
390164,UPMC PRESBYTERIAN SHADYSIDE,PITTSBURGH,PA,1,"EMERGENCY ROOM LOG ,"
390236,GUTHRIE TOWANDA MEMORIAL HOSPITAL,TOWANDA,PA,1,"MEDICAL SCREENING EXAM ,"
390236,GUTHRIE TOWANDA MEMORIAL HOSPITAL,TOWANDA,PA,1,"STABILIZING TREATMENT ,"
390237,REGIONAL HOSPITAL OF SCRANTON,SCRANTON,PA,1,"EMERGENCY ROOM LOG ,"
390237,REGIONAL HOSPITAL OF SCRANTON,SCRANTON,PA,1,"MEDICAL SCREENING EXAM ,"
390268,MOUNT NITTANY MEDICAL CENTER,STATE COLLEGE,PA,1,"MEDICAL SCREENING EXAM ,"
420007,SPARTANBURG MEDICAL CENTER,SPARTANBURG,SC,1,"COMPLIANCE WITH 489.24 ,"
420007,SPARTANBURG MEDICAL CENTER,SPARTANBURG,SC,1,"MEDICAL SCREENING EXAM ,"
420068,TRMC OF ORANGEBURG & CALHOUN,ORANGEBURG,SC,1,"MEDICAL SCREENING EXAM ,"
420073,LEXINGTON MEDICAL CENTER,WEST COLUMBIA,SC,1,"POSTING OF SIGNS ,"
420106,PRISMA HEALTH BAPTIST PARKRIDGE,COLUMBIA,SC,1,"COMPLIANCE WITH 489.24 ,"
420106,PRISMA HEALTH BAPTIST PARKRIDGE,COLUMBIA,SC,1,"EMERGENCY ROOM LOG ,"
420106,PRISMA HEALTH BAPTIST PARKRIDGE,COLUMBIA,SC,1,"MEDICAL SCREENING EXAM ,"
420106,PRISMA HEALTH BAPTIST PARKRIDGE,COLUMBIA,SC,1,"POSTING OF SIGNS ,"
440011,BLOUNT MEMORIAL HOSPITAL,MARYVILLE,TN,1,"COMPLIANCE WITH 489.24 ,"
440011,BLOUNT MEMORIAL HOSPITAL,MARYVILLE,TN,1,"MEDICAL SCREENING EXAM ,"
440031,ROANE MEDICAL CENTER,HARRIMAN,TN,1,"MEDICAL SCREENING EXAM ,"
440031,ROANE MEDICAL CENTER,HARRIMAN,TN,1,"STABILIZING TREATMENT ,"
440033,TENNOVA HEALTHCARE LAFOLLETTE MEDICAL CENTER,LA FOLLETTE,TN,1,"APPROPRIATE TRANSFER ,"
440034,METHODIST MEDICAL CENTER OF OAK RIDGE,OAK RIDGE,TN,2,"MEDICAL SCREENING EXAM ,"
440035,TENNOVA HEALTHCARE-CLARKSVILLE,CLARKSVILLE,TN,1,"COMPLIANCE WITH 489.24 ,"
440035,TENNOVA HEALTHCARE-CLARKSVILLE,CLARKSVILLE,TN,1,"DELAY IN EXAMINATION OR TREATMENT ,"
440040,PERRY COMMUNITY HOSPITAL,LINDEN,TN,1,"MEDICAL SCREENING EXAM ,"
440049,METHODIST HOSPITALS OF MEMPHIS,MEMPHIS,TN,2,"APPROPRIATE TRANSFER ,"
440049,METHODIST HOSPITALS OF MEMPHIS,MEMPHIS,TN,2,"EMERGENCY ROOM LOG ,"
440049,METHODIST HOSPITALS OF MEMPHIS,MEMPHIS,TN,2,"MEDICAL SCREENING EXAM ,"
440053,SAINT THOMAS RUTHERFORD HOSPITAL,MURFREESBORO,TN,1,"MEDICAL SCREENING EXAM ,"
440053,SAINT THOMAS RUTHERFORD HOSPITAL,MURFREESBORO,TN,1,"APPROPRIATE TRANSFER ,"
440056,TENNOVA HEALTHCARE JEFFERSON MEMORIAL HOSPITAL,JEFFERSON CITY,TN,1,"MEDICAL SCREENING EXAM ,"
440058,SOUTHERN TENNESSEE REGIONAL HLTH SYSTEM WINCHESTER,WINCHESTER,TN,1,"MEDICAL SCREENING EXAM ,"
440065,TRISTAR NORTHCREST MEDICAL CENTER,SPRINGFIELD,TN,1,"MEDICAL SCREENING EXAM ,"
440068,STARR REGIONAL MEDICAL CENTER ATHENS,ATHENS,TN,2,"MEDICAL SCREENING EXAM ,"
440068,STARR REGIONAL MEDICAL CENTER ATHENS,ATHENS,TN,2,"COMPLIANCE WITH 489.24 ,"
440084,SWEETWATER HOSPITAL ASSOCIATION,SWEETWATER,TN,1,"MEDICAL SCREENING EXAM ,"
440084,SWEETWATER HOSPITAL ASSOCIATION,SWEETWATER,TN,1,"APPROPRIATE TRANSFER ,"
440120,TENNOVA HEALTHCARE NORTH KNOXVILLE MEDICAL CENTER,POWELL,TN,2,"MEDICAL SCREENING EXAM ,"
440120,TENNOVA HEALTHCARE NORTH KNOXVILLE MEDICAL CENTER,POWELL,TN,2,"ON CALL PHYSICIANS ,"
440120,TENNOVA HEALTHCARE NORTH KNOXVILLE MEDICAL CENTER,POWELL,TN,2,"STABILIZING TREATMENT ,"
440120,TENNOVA HEALTHCARE NORTH KNOXVILLE MEDICAL CENTER,POWELL,TN,2,"APPROPRIATE TRANSFER ,"
440125,FORT SANDERS REGIONAL MEDICAL CENTER,KNOXVILLE,TN,2,"RECEIVING AN INAPPROPRIATE TRANSFER ,"
440125,FORT SANDERS REGIONAL MEDICAL CENTER,KNOXVILLE,TN,2,"MEDICAL SCREENING EXAM ,"
440125,FORT SANDERS REGIONAL MEDICAL CENTER,KNOXVILLE,TN,2,"EMERGENCY ROOM LOG ,"
440130,BAPTIST MEMORIAL HOSPITAL UNION CITY,UNION CITY,TN,1,"APPROPRIATE TRANSFER ,"
440133,SAINT THOMAS MIDTOWN HOSPITAL,NASHVILLE,TN,1,"MEDICAL SCREENING EXAM ,"
440151,SAINT THOMAS RIVER PARK HOSPITAL,MC MINNVILLE,TN,1,"APPROPRIATE TRANSFER ,"
440152,REGIONAL ONE HEALTH,MEMPHIS,TN,1,"MEDICAL SCREENING EXAM ,"
440156,PARKRIDGE MEDICAL CENTER,CHATTANOOGA,TN,2,"MEDICAL SCREENING EXAM ,"
440156,PARKRIDGE MEDICAL CENTER,CHATTANOOGA,TN,2,"DELAY IN EXAMINATION OR TREATMENT ,"
440161,TRISTAR CENTENNIAL MEDICAL CENTER,NASHVILLE,TN,1,"STABILIZING TREATMENT ,"
440161,TRISTAR CENTENNIAL MEDICAL CENTER,NASHVILLE,TN,1,"APPROPRIATE TRANSFER ,"
440173,PARKWEST MEDICAL CENTER,KNOXVILLE,TN,1,"MEDICAL SCREENING EXAM ,"
440185,TENNOVA HEALTHCARE-CLEVELAND,CLEVELAND,TN,1,"MEDICAL SCREENING EXAM ,"
440228,SAINT FRANCIS BARTLETT MEDICAL CENTER,BARTLETT,TN,1,"STABILIZING TREATMENT ,"
440228,SAINT FRANCIS BARTLETT MEDICAL CENTER,BARTLETT,TN,1,"DELAY IN EXAMINATION OR TREATMENT ,"
440235,BIG SOUTH FORK MEDICAL CENTER,ONEIDA,TN,1,"APPROPRIATE TRANSFER ,"
441311,TRISTAR ASHLAND CITY MEDICAL CENTER,ASHLAND CITY,TN,1,"MEDICAL SCREENING EXAM ,"
450051,METHODIST DALLAS MEDICAL CENTER,DALLAS,TX,1,"MEDICAL SCREENING EXAM ,"
450051,METHODIST DALLAS MEDICAL CENTER,DALLAS,TX,1,"DELAY IN EXAMINATION OR TREATMENT ,"
450097,HCA HOUSTON HEALTHCARE SOUTHEAST,PASADENA,TX,1,"MEDICAL SCREENING EXAM ,"
450097,HCA HOUSTON HEALTHCARE SOUTHEAST,PASADENA,TX,1,"STABILIZING TREATMENT ,"
450097,HCA HOUSTON HEALTHCARE SOUTHEAST,PASADENA,TX,1,"APPROPRIATE TRANSFER ,"
450135,TEXAS HEALTH HARRIS METHODIST FORT WORTH,FORT WORTH,TX,1,"EMERGENCY ROOM LOG ,"
450135,TEXAS HEALTH HARRIS METHODIST FORT WORTH,FORT WORTH,TX,1,"MEDICAL SCREENING EXAM ,"
450152,ADVENTHEALTH CENTRAL TEXAS,KILLEEN,TX,1,"MEDICAL SCREENING EXAM ,"
450155,HEREFORD REGIONAL MEDICAL CENTER,HEREFORD,TX,1,"EMERGENCY ROOM LOG ,"
450155,HEREFORD REGIONAL MEDICAL CENTER,HEREFORD,TX,1,"MEDICAL SCREENING EXAM ,"
450210,UT HEALTH EAST TEXAS CARTHAGE HOSPITAL,CARTHAGE,TX,1,"EMERGENCY ROOM LOG ,"
450210,UT HEALTH EAST TEXAS CARTHAGE HOSPITAL,CARTHAGE,TX,1,"MEDICAL SCREENING EXAM ,"
450372,BAYLOR SCOTT & WHITE MEDICAL CENTER- WAXAHACHIE,WAXAHACHIE,TX,1,"MEDICAL SCREENING EXAM ,"
450596,LAKE GRANBURY MEDICAL CENTER,GRANBURY,TX,1,"MEDICAL SCREENING EXAM ,"
450647,MEDICAL CITY DALLAS,DALLAS,TX,1,"MEDICAL SCREENING EXAM ,"
450675,MEDICAL CITY ARLINGTON,ARLINGTON,TX,1,"MEDICAL SCREENING EXAM ,"
450683,RENAISSANCE HOSPITAL TERRELL,TERRELL,TX,1,"MEDICAL SCREENING EXAM ,"
450742,BAYLOR SCOTT AND WHITE MEDICAL CENTER LAKE POINTE,ROWLETT,TX,1,"MEDICAL SCREENING EXAM ,"
450844,HOUSTON METHODIST WILLOWBROOK HOSPITAL,HOUSTON,TX,1,"STABILIZING TREATMENT ,"
450844,HOUSTON METHODIST WILLOWBROOK HOSPITAL,HOUSTON,TX,1,"APPROPRIATE TRANSFER ,"
450884,EAST TEXAS MEDICAL CENTER - GILMER,GILMER,TX,1,"MEDICAL SCREENING EXAM ,"
470005,RUTLAND REGIONAL MEDICAL CENTER,RUTLAND,VT,1,"MEDICAL SCREENING EXAM ,"
490022,"MARY WASHINGTON HOSPITAL, INC",FREDERICKSBURG,VA,1,"MEDICAL SCREENING EXAM ,"
500019,PROVIDENCE CENTRALIA HOSPITAL,CENTRALIA,WA,1,"MEDICAL SCREENING EXAM ,"
500031,GRAYS HARBOR COMMUNITY HOSPITAL,ABERDEEN,WA,1,"MEDICAL SCREENING EXAM ,"
500053,TRIOS,KENNEWICK,WA,1,"STABILIZING TREATMENT ,"
500152,SWEDISH ISSAQUAH,ISSAQUAH,WA,1,"APPROPRIATE TRANSFER ,"
501310,NEWPORT COMMUNITY HOSPITAL,NEWPORT,WA,1,"MEDICAL SCREENING EXAM ,"
501317,COLUMBIA BASIN HOSPITAL,EPHRATA,WA,1,"EMERGENCY ROOM LOG ,"
501317,COLUMBIA BASIN HOSPITAL,EPHRATA,WA,1,"MEDICAL SCREENING EXAM ,"
501330,ASTRIA SUNNYSIDE HOSPITAL,SUNNYSIDE,WA,1,"STABILIZING TREATMENT ,"
501330,ASTRIA SUNNYSIDE HOSPITAL,SUNNYSIDE,WA,1,"APPROPRIATE TRANSFER ,"
510070,RALEIGH GENERAL HOSPITAL,BECKLEY,WV,1,"STABILIZING TREATMENT ,"
510070,RALEIGH GENERAL HOSPITAL,BECKLEY,WV,1,"APPROPRIATE TRANSFER ,"
510086,WELCH COMMUNITY HOSPITAL,WELCH,WV,1,"MEDICAL SCREENING EXAM ,"
511312,PRESTON MEMORIAL HOSPITAL,KINGWOOD,WV,1,"APPROPRIATE TRANSFER ,"
520013,SACRED HEART HOSPITAL,EAU CLAIRE,WI,1,"RECIPIENT HOSPITAL RESPONSIBILITIES ,"
520048,ASCENSION NE WISCONSIN MERCY CAMPUS,OSHKOSH,WI,1,"EMERGENCY ROOM LOG ,"
520048,ASCENSION NE WISCONSIN MERCY CAMPUS,OSHKOSH,WI,1,"MEDICAL SCREENING EXAM ,"
520051,ASCENSION COLUMBIA ST MARY'S HOSPITAL MILWAUKEE,MILWAUKEE,WI,1,"STABILIZING TREATMENT ,"
520066,MERCY HEALTH SYSTEM CORP,JANESVILLE,WI,1,"POSTING OF SIGNS ,"
520070,MAYO CLINIC HEALTH SYSTEM IN EAU CLAIRE,EAU CLAIRE,WI,2,"MEDICAL SCREENING EXAM ,"
520070,MAYO CLINIC HEALTH SYSTEM IN EAU CLAIRE,EAU CLAIRE,WI,2,"APPROPRIATE TRANSFER ,"
520070,MAYO CLINIC HEALTH SYSTEM IN EAU CLAIRE,EAU CLAIRE,WI,2,"RECEIVING AN INAPPROPRIATE TRANSFER ,"
520189,AURORA MEDICAL CTR KENOSHA,KENOSHA,WI,1,"EMERGENCY ROOM LOG ,"
520189,AURORA MEDICAL CTR KENOSHA,KENOSHA,WI,1,"MEDICAL SCREENING EXAM ,"
521315,MAYO CLINIC HEALTH SYSTEM-NORTHLAND,BARRON,WI,1,"COMPLIANCE WITH 489.24 ,"
521315,MAYO CLINIC HEALTH SYSTEM-NORTHLAND,BARRON,WI,1,"APPROPRIATE TRANSFER ,"
521322,GRANT REGIONAL HEALTH CENTER,LANCASTER,WI,1,"MEDICAL SCREENING EXAM ,"
521332,SPOONER HEALTH SYSTEM,SPOONER,WI,1,"RECEIVING AN INAPPROPRIATE TRANSFER ,"
521338,PRAIRIE RIDGE HEALTH,COLUMBUS,WI,1,"APPROPRIATE TRANSFER ,"
521342,INDIANHEAD MEDICAL CENTER SHELL LAKE,SHELL LAKE,WI,1,"MEDICAL SCREENING EXAM ,"
521342,INDIANHEAD MEDICAL CENTER SHELL LAKE,SHELL LAKE,WI,1,"APPROPRIATE TRANSFER ,"
521347,WESTERN WISCONSIN HEALTH,BALDWIN,WI,1,"APPROPRIATE TRANSFER ,"
670019,UNIVERSITY GENERAL HOSPITAL,HOUSTON,TX,1,"MEDICAL SCREENING EXAM ,"
670073,METHODIST HOSPITAL FOR SURGERY,ADDISON,TX,1,"STABILIZING TREATMENT ,"
670073,METHODIST HOSPITAL FOR SURGERY,ADDISON,TX,1,"APPROPRIATE TRANSFER ,"
670080,SETON MEDICAL CENTER HARKER HEIGHTS,HARKER HEIGHTS,TX,1,"MEDICAL SCREENING EXAM ,"
670097,BAYLOR EMERGENCY MEDICAL CENTER,ROCKWALL,TX,1,"APPROPRIATE TRANSFER ,"
