"","facility_name","hospital_type","facility_id","address","city","state","violations","inspection_dates","distinct_investigations"
"1","EUREKA SPRINGS HOSPITAL COMMISSION","Critical Access Hospitals",41304,"24 NORRIS STREET","EUREKA SPRINGS","AR","EMERGENCY ROOM LOG, MEDICAL SCREENING EXAM","2013-11-14, 2013-11-14",1
"2","MERCY HOSPITAL BERRYVILLE","Critical Access Hospitals",41329,"214 CARTER STREET","BERRYVILLE","AR","MEDICAL SCREENING EXAM","2016-08-02",1
"3","GLENN MEDICAL CENTER","Critical Access Hospitals",51306,"1133 W SYCAMORE ST","WILLOWS","CA","MEDICAL SCREENING EXAM, STABILIZING TREATMENT","2013-10-10, 2013-10-10",1
"4","PROVIDENCE REDWOOD MEMORIAL HOSPITAL","Critical Access Hospitals",51318,"3300 RENNER DRIVE","FORTUNA","CA","MEDICAL SCREENING EXAM","2018-04-19",1
"5","SOUTHEAST COLORADO HOSPITAL","Critical Access Hospitals",61311,"373 E 10TH AVE","SPRINGFIELD","CO","APPROPRIATE TRANSFER","2018-05-22",1
"6","SOUTHWEST MEMORIAL HOSPITAL","Critical Access Hospitals",61327,"1311 N MILDRED RD","CORTEZ","CO","DELAY IN EXAMINATION OR TREATMENT, POSTING OF SIGNS","2021-05-05, 2018-10-25",2
"7","MONROE COUNTY HOSPITAL","Critical Access Hospitals",111318,"88 MARTIN LUTHER KING JR DRIVE","FORSYTH","GA","COMPLIANCE WITH 489.24, EMERGENCY ROOM LOG, MEDICAL SCREENING EXAM, STABILIZING TREATMENT, APPROPRIATE TRANSFER","2014-09-12, 2014-09-12, 2014-09-12, 2014-09-12, 2014-09-12",1
"8","OPTIM MEDICAL CENTER - TATTNALL","Critical Access Hospitals",111323,"247 S MAIN STREET","REIDSVILLE","GA","EMERGENCY ROOM LOG, MEDICAL SCREENING EXAM, APPROPRIATE TRANSFER","2015-10-01, 2015-10-01, 2015-10-01",1
"9","SHOSHONE MEDICAL CENTER","Critical Access Hospitals",131314,"25 JACOBS GULCH ROAD","KELLOGG","ID","MEDICAL SCREENING EXAM","2018-05-31",1
"10","WASHINGTON COUNTY HOSPITAL","Critical Access Hospitals",141308,"705 S GRAND AVE","NASHVILLE","IL","EMERGENCY ROOM LOG, MEDICAL SCREENING EXAM","2018-01-16, 2018-01-16",1
"11","FAIRFIELD MEMORIAL HOSPITAL 1","Critical Access Hospitals",141311,"303 N W 11TH STREET","FAIRFIELD","IL","MEDICAL SCREENING EXAM","2016-07-21",1
"12","GIBSON COMMUNITY HOSPITAL","Critical Access Hospitals",141317,"1120 N MELVIN STREET","GIBSON CITY","IL","MEDICAL SCREENING EXAM","2013-04-18",1
"13","HAMMOND HENRY HOSPITAL","Critical Access Hospitals",141319,"600 N COLLEGE AVENUE","GENESEO","IL","EMERGENCY ROOM LOG, MEDICAL SCREENING EXAM","2017-11-08, 2017-11-08",1
"14","MASSAC MEMORIAL HOSPITAL","Critical Access Hospitals",141323,"28 CHICK STREET, PO BOX 850","METROPOLIS","IL","APPROPRIATE TRANSFER","2015-07-23",1
"15","TAYLORVILLE MEMORIAL HOSPITAL","Critical Access Hospitals",141339,"201 EAST PLEASANT STREET","TAYLORVILLE","IL","MEDICAL SCREENING EXAM, APPROPRIATE TRANSFER","2022-09-02, 2022-09-02",1
"16","LAWRENCE COUNTY MEMORIAL HOSPITAL","Critical Access Hospitals",141344,"2200 STATE ST","LAWRENCEVILLE","IL","EMERGENCY ROOM LOG, MEDICAL SCREENING EXAM","2020-12-17, 2020-12-17",1
"17","ASCENSION ST VINCENT MERCY","Critical Access Hospitals",151308,"1331 S A ST","ELWOOD","IN","APPROPRIATE TRANSFER","2021-04-23",1
"18","DECATUR COUNTY HOSPITAL","Critical Access Hospitals",161340,"1405 NW CHURCH STREET","LEON","IA","COMPLIANCE WITH 489.24, MEDICAL SCREENING EXAM","2017-06-08, 2017-06-08",1
"19","AVERA HOLY FAMILY HOSPITAL","Critical Access Hospitals",161351,"826 NORTH 8TH STREET","ESTHERVILLE","IA","COMPLIANCE WITH 489.24, MEDICAL SCREENING EXAM","2021-05-19, 2021-05-19",1
"20","CLARINDA REGIONAL HEALTH CENTER","Critical Access Hospitals",161352,"220 ESSIE DAVISON DRIVE","CLARINDA","IA","COMPLIANCE WITH 489.24, STABILIZING TREATMENT","2017-12-06, 2017-12-06",1
"21","PALO ALTO COUNTY HOSPITAL","Critical Access Hospitals",161357,"3201 1ST STREET","EMMETSBURG","IA","EMERGENCY ROOM LOG","2015-02-17",1
"22","SHENANDOAH MEDICAL CENTER","Critical Access Hospitals",161366,"300 PERSHING AVENUE","SHENANDOAH","IA","COMPLIANCE WITH 489.24, MEDICAL SCREENING EXAM","2018-01-10, 2018-01-10",1
"23","MAHASKA  HEALTH PARTNERSHIP","Critical Access Hospitals",161379,"1229 C AVENUE EAST","OSKALOOSA","IA","COMPLIANCE WITH 489.24, APPROPRIATE TRANSFER, COMPLIANCE WITH 489.24, STABILIZING TREATMENT","2012-04-19, 2012-04-19, 2017-09-28, 2017-09-28",2
"24","SHERIDAN COUNTY HOSPITAL","Critical Access Hospitals",171347,"826  18TH STREET","HOXIE","KS","COMPLIANCE WITH 489.24, MEDICAL SCREENING EXAM","2015-02-05, 2015-02-05",1
"25","MARCUM & WALLACE MEMORIAL HOSPITAL","Critical Access Hospitals",181301,"60 MERCY COURT","IRVINE","KY","COMPLIANCE WITH 489.24, MEDICAL SCREENING EXAM","2014-09-08, 2014-09-08",1
"26","OHIO COUNTY HOSPITAL","Critical Access Hospitals",181323,"1211 OLD MAIN STREET","HARTFORD","KY","COMPLIANCE WITH 489.24, EMERGENCY ROOM LOG, MEDICAL SCREENING EXAM, APPROPRIATE TRANSFER","2012-05-18, 2012-05-18, 2012-05-18, 2012-05-18",1
"27","PREVOST MEMORIAL HOSPITAL","Critical Access Hospitals",191308,"301 MEMORIAL DR","DONALDSONVILLE","LA","MEDICAL SCREENING EXAM","2022-04-25",1
"28","SCHEURER HOSPITAL","Critical Access Hospitals",231310,"170 N CASEVILLE RD","PIGEON","MI","MEDICAL SCREENING EXAM","2019-03-13",1
"29","ASCENSION BORGESS LEE HOSPITAL","Critical Access Hospitals",231315,"420 W HIGH ST","DOWAGIAC","MI","STABILIZING TREATMENT","2013-06-07",1
"30","ASPIRUS IRON RIVER HOSPITAL & CLINICS, INC","Critical Access Hospitals",231318,"1400 W ICE LAKE ROAD","IRON RIVER","MI","APPROPRIATE TRANSFER","2011-03-29",1
"31","SWIFT COUNTY BENSON HEALTH SERVICES","Critical Access Hospitals",241365,"1815 WISCONSIN AVENUE","BENSON","MN","COMPLIANCE WITH 489.24, MEDICAL SCREENING EXAM, EMERGENCY ROOM LOG, MEDICAL SCREENING EXAM","2011-12-15, 2011-12-15, 2016-01-20, 2016-01-20",2
"32","JEFFERSON DAVIS COMMUNITY HOSPITAL CAH","Critical Access Hospitals",251326,"1102 ROSE STREET","PRENTISS","MS","MEDICAL SCREENING EXAM","2014-07-09",1
"33","I-70 COMMUNITY HOSPITAL","Critical Access Hospitals",261334,"105 HOSPITAL DRIVE, BUILDING B","SWEET SPRINGS","MO","COMPLIANCE WITH 489.24, MEDICAL SCREENING EXAM","2018-11-16, 2018-11-16",1
"34","MARIAS MEDICAL CENTER","Critical Access Hospitals",271328,"640 PARK AVE","SHELBY","MT","MEDICAL SCREENING EXAM","2021-10-13",1
"35","BILLINGS CLINIC BROADWATER","Critical Access Hospitals",271333,"110 N OAK ST","TOWNSEND","MT","MEDICAL SCREENING EXAM","2012-06-12",1
"36","BIG HORN HOSPITAL","Critical Access Hospitals",271338,"17 N MILES","HARDIN","MT","APPROPRIATE TRANSFER","2015-05-13",1
"37","HARLAN COUNTY HEALTH SYSTEM","Critical Access Hospitals",281300,"P O BOX 836, 717 BROWN ST","ALMA","NE","MEDICAL SCREENING EXAM","2011-04-06",1
"38","SAUNDERS MEDICAL CENTER","Critical Access Hospitals",281307,"1760 COUNTY RD J","WAHOO","NE","COMPLIANCE WITH 489.24, MEDICAL SCREENING EXAM","2015-01-21, 2015-01-21",1
"39","GENOA COMMUNITY HOSPITAL","Critical Access Hospitals",281312,"P O BOX 310, 706 EWING AVE","GENOA","NE","COMPLIANCE WITH 489.24, EMERGENCY ROOM LOG, MEDICAL SCREENING EXAM","2021-05-12, 2021-05-12, 2021-05-12",1
"40","CHI HEALTH SCHUYLER","Critical Access Hospitals",281323,"104 WEST 17TH ST","SCHUYLER","NE","COMPLIANCE WITH 489.24, EMERGENCY ROOM LOG, MEDICAL SCREENING EXAM","2012-07-05, 2012-07-05, 2012-07-05",1
"41","CALLAWAY DISTRICT HOSPITAL","Critical Access Hospitals",281335,"P O BOX 100, 211 E KIMBALL","CALLAWAY","NE","COMPLIANCE WITH 489.24, MEDICAL SCREENING EXAM","2016-11-02, 2016-11-02",1
"42","DUNDY COUNTY HOSPITAL","Critical Access Hospitals",281340,"P O BOX 626, 1313 NORTH CHEYENNE ST","BENKELMAN","NE","MEDICAL SCREENING EXAM","2017-08-10",1
"43","OSMOND GENERAL HOSPITAL","Critical Access Hospitals",281347,"P O BOX 429, 402 NORTH MAPLE ST","OSMOND","NE","COMPLIANCE WITH 489.24, MEDICAL SCREENING EXAM","2021-01-14, 2021-01-14",1
"44","LEXINGTON REGIONAL HEALTH CENTER","Critical Access Hospitals",281361,"P O BOX 980, 1201 NORTH ERIE ST","LEXINGTON","NE","COMPLIANCE WITH 489.24, EMERGENCY ROOM LOG, MEDICAL SCREENING EXAM","2018-12-04, 2018-12-04, 2018-12-04",1
"45","JENNIE M MELHAM MEMORIAL MEDICAL CENTER","Critical Access Hospitals",281365,"145 MEMORIAL DRIVE","BROKEN BOW","NE","COMPLIANCE WITH 489.24, MEDICAL SCREENING EXAM, COMPLIANCE WITH 489.24, MEDICAL SCREENING EXAM","2017-04-13, 2017-04-13, 2019-01-14, 2019-01-14",2
"46","WASHINGTON COUNTY HOSP INC","Critical Access Hospitals",341314,"958 US HWY 64 EAST","PLYMOUTH","NC","APPROPRIATE TRANSFER","2016-01-28",1
"47","MOUNTRAIL COUNTY MEDICAL CENTER INC","Critical Access Hospitals",351301,"615 6TH ST SE","STANLEY","ND","MEDICAL SCREENING EXAM, APPROPRIATE TRANSFER","2020-08-03, 2020-08-03",1
"48","CARRINGTON HEALTH CENTER","Critical Access Hospitals",351318,"PO BOX 461","CARRINGTON","ND","APPROPRIATE TRANSFER","2011-01-14",1
"49","SMP HEALTH ST ALOISIUS","Critical Access Hospitals",351327,"325 E BREWSTER ST","HARVEY","ND","APPROPRIATE TRANSFER","2021-11-04",1
"50","JAMESTOWN REGIONAL MEDICAL CENTER","Critical Access Hospitals",351335,"2422 20TH ST SW","JAMESTOWN","ND","EMERGENCY ROOM LOG, MEDICAL SCREENING EXAM","2018-07-27, 2018-07-27",1
"51","MERCY HOSPITAL WATONGA, INC","Critical Access Hospitals",371302,"500 NORTH CLARENCE NASH BOULEVARD","WATONGA","OK","COMPLIANCE WITH 489.24, MEDICAL SCREENING EXAM, APPROPRIATE TRANSFER","2013-04-12, 2013-04-12, 2013-04-12",1
"52","THE PHYSICIANS' HOSPITAL IN ANADARKO","Critical Access Hospitals",371314,"1002 E CENTRAL BLVD","ANADARKO","OK","MEDICAL SCREENING EXAM","2016-12-30",1
"53","CORDELL MEMORIAL HOSPITAL","Critical Access Hospitals",371325,"1220 NORTH GLENN ENGLISH STREET","CORDELL","OK","MEDICAL SCREENING EXAM","2021-04-16",1
"54","SOUTHERN COOS HOSPITAL & HEALTH CENTER","Critical Access Hospitals",381304,"900 11TH STREET SE","BANDON","OR","EMERGENCY ROOM LOG, APPROPRIATE TRANSFER","2019-01-31, 2019-01-31",1
"55","SAINT ALPHONSUS MEDICAL CENTER - BAKER CITY, INC","Critical Access Hospitals",381315,"3325 POCAHONTAS ROAD","BAKER CITY","OR","COMPLIANCE WITH 489.24, MEDICAL SCREENING EXAM, APPROPRIATE TRANSFER","2018-12-11, 2018-12-11, 2018-12-11",1
"56","PROVIDENCE HOOD RIVER MEMORIAL HOSPITAL","Critical Access Hospitals",381318,"810 12TH STREET","HOOD RIVER","OR","EMERGENCY ROOM LOG, APPROPRIATE TRANSFER","2014-10-09, 2014-10-09",1
"57","GOOD SHEPHERD MEDICAL CENTER","Critical Access Hospitals",381325,"610 NW 11TH STREET","HERMISTON","OR","EMERGENCY ROOM LOG, MEDICAL SCREENING EXAM","2019-11-20, 2019-11-20",1
"58","TRISTAR ASHLAND CITY MEDICAL CENTER","Critical Access Hospitals",441311,"313 NORTH MAIN ST","ASHLAND CITY","TN","MEDICAL SCREENING EXAM","2015-02-13",1
"59","COLUMBIA BASIN HOSPITAL","Critical Access Hospitals",501317,"200 NAT WASHINGTON WAY","EPHRATA","WA","EMERGENCY ROOM LOG, MEDICAL SCREENING EXAM","2018-01-24, 2018-01-24",1
"60","ASTRIA SUNNYSIDE HOSPITAL","Critical Access Hospitals",501330,"1016 TACOMA AVENUE","SUNNYSIDE","WA","STABILIZING TREATMENT, APPROPRIATE TRANSFER","2019-10-29, 2019-10-29",1
"61","PRESTON MEMORIAL HOSPITAL","Critical Access Hospitals",511312,"150 MEMORIAL DRIVE","KINGWOOD","WV","APPROPRIATE TRANSFER","2011-03-11",1
"62","MAYO CLINIC HEALTH SYSTEM-NORTHLAND","Critical Access Hospitals",521315,"1222 E WOODLAND AVE","BARRON","WI","COMPLIANCE WITH 489.24, APPROPRIATE TRANSFER","2019-02-05, 2019-02-05",1
"63","GRANT REGIONAL HEALTH CENTER","Critical Access Hospitals",521322,"507 S MONROE ST","LANCASTER","WI","MEDICAL SCREENING EXAM","2012-01-19",1
"64","SPOONER HEALTH SYSTEM","Critical Access Hospitals",521332,"1280 CHANDLER DR","SPOONER","WI","RECEIVING AN INAPPROPRIATE TRANSFER","2017-10-19",1
"65","PRAIRIE RIDGE HEALTH","Critical Access Hospitals",521338,"1515 PARK AVE","COLUMBUS","WI","APPROPRIATE TRANSFER","2016-02-05",1
"66","INDIANHEAD MEDICAL CENTER SHELL LAKE","Critical Access Hospitals",521342,"113 4TH AVE","SHELL LAKE","WI","MEDICAL SCREENING EXAM, APPROPRIATE TRANSFER","2017-10-20, 2017-10-20",1
"67","SOUTHEAST HEALTH MEDICAL CENTER","Short Term",10001,"1108 ROSS CLARK CIRCLE","DOTHAN","AL","COMPLIANCE WITH 489.24, RECIPIENT HOSPITAL RESPONSIBILITIES","2021-08-02, 2021-08-02",1
"68","BAPTIST MEDICAL CENTER SOUTH","Short Term",10023,"2105 EAST SOUTH BOULEVARD","MONTGOMERY","AL","COMPLIANCE WITH 489.24, RECIPIENT HOSPITAL RESPONSIBILITIES","2019-10-10, 2019-10-10",1
"69","FLOWERS HOSPITAL","Short Term",10055,"4370 WEST MAIN STREET","DOTHAN","AL","MEDICAL SCREENING EXAM","2019-07-18",1
"70","WIREGRASS MEDICAL CENTER","Short Term",10062,"1200 W MAPLE AVENUE","GENEVA","AL","COMPLIANCE WITH 489.24, MEDICAL SCREENING EXAM, STABILIZING TREATMENT, APPROPRIATE TRANSFER","2017-06-29, 2017-06-29, 2017-06-29, 2017-06-29",1
"71","HALE COUNTY HOSPITAL","Short Term",10095,"508 GREEN STREET","GREENSBORO","AL","COMPLIANCE WITH 489.24, HOSPITAL MUST MAINTAIN RECORDS, EMERGENCY ROOM LOG, MEDICAL SCREENING EXAM","2014-06-05, 2014-06-05, 2014-06-05, 2014-06-05",1
"72","CITIZENS BAPTIST MEDICAL CENTER","Short Term",10101,"604 STONE AVENUE","TALLADEGA","AL","COMPLIANCE WITH 489.24, MEDICAL SCREENING EXAM, STABILIZING TREATMENT, APPROPRIATE TRANSFER","2013-08-23, 2013-08-23, 2013-08-23, 2013-08-23",1
"73","TROY REGIONAL MEDICAL CENTER","Short Term",10126,"1330 HIGHWAY 231 SOUTH","TROY","AL","APPROPRIATE TRANSFER","2021-10-27",1
"74","BAPTIST MEDICAL CENTER EAST","Short Term",10149,"400 TAYLOR ROAD","MONTGOMERY","AL","COMPLIANCE WITH 489.24, RECIPIENT HOSPITAL RESPONSIBILITIES","2019-10-10, 2019-10-10",1
"75","REGIONAL MEDICAL CENTER OF CENTRAL ALABAMA","Short Term",10150,"29 L V STABLER DRIVE","GREENVILLE","AL","COMPLIANCE WITH 489.24, MEDICAL SCREENING EXAM, STABILIZING TREATMENT, APPROPRIATE TRANSFER","2014-09-15, 2014-09-15, 2014-09-15, 2014-09-15",1
"76","PROVIDENCE ALASKA MEDICAL CENTER","Short Term",20001,"3200 PROVIDENCE DRIVE","ANCHORAGE","AK","MEDICAL SCREENING EXAM","2014-08-21",1
"77","TUCSON MEDICAL CENTER","Short Term",30006,"5301 EAST GRANT ROAD","TUCSON","AZ","MEDICAL SCREENING EXAM","2015-07-16",1
"78","ST. MARY'S HOSPITAL","Short Term",30010,"1601 WEST ST MARY'S ROAD","TUCSON","AZ","MEDICAL SCREENING EXAM","2011-08-04",1
"79","VALLEYWISE HEALTH MEDICAL CENTER","Short Term",30022,"2601 EAST ROOSEVELT STREET","PHOENIX","AZ","COMPLIANCE WITH 489.24, EMERGENCY ROOM LOG, MEDICAL SCREENING EXAM","2021-10-09, 2021-10-09, 2021-10-09",1
"80","ABRAZO ARROWHEAD CAMPUS","Short Term",30094,"18701 NORTH 67TH AVENUE","GLENDALE","AZ","EMERGENCY ROOM LOG","2018-11-29",1
"81","ABRAZO WEST CAMPUS","Short Term",30110,"13677 WEST MCDOWELL ROAD","GOODYEAR","AZ","DELAY IN EXAMINATION OR TREATMENT","2013-09-23",1
"82","NORTH METRO MEDICAL CENTER","Short Term",40074,"1400 BRADEN STREET","JACKSONVILLE","AR","EMERGENCY ROOM LOG","2019-07-23",1
"83","MEDICAL CENTER OF SOUTH ARKANSAS","Short Term",40088,"700 WEST GROVE STREET","EL DORADO","AR","APPROPRIATE TRANSFER","2014-06-23",1
"84","SUTTER AMADOR HOSPITAL","Short Term",50014,"200 MISSION BLVD","JACKSON","CA","EMERGENCY ROOM LOG, MEDICAL SCREENING EXAM, STABILIZING TREATMENT","2013-04-12, 2013-04-12, 2013-04-12",1
"85","SANTA CLARA VALLEY MEDICAL CENTER","Short Term",50038,"751 SOUTH BASCOM AVENUE","SAN JOSE","CA","MEDICAL SCREENING EXAM, EMERGENCY ROOM LOG","2012-03-07, 2012-03-07",1
"86","SAN GORGONIO MEMORIAL HOSPITAL","Short Term",50054,"600 NORTH HIGHLAND SPRINGS AVENUE","BANNING","CA","COMPLIANCE WITH 489.24, MEDICAL SCREENING EXAM, APPROPRIATE TRANSFER","2015-03-12, 2015-03-12, 2015-03-12",1
"87","PROVIDENCE LITTLE CO OF MARY MED CTR SAN PEDRO","Short Term",50078,"1300 W 7TH ST","SAN PEDRO","CA","MEDICAL SCREENING EXAM, DELAY IN EXAMINATION OR TREATMENT, APPROPRIATE TRANSFER","2019-11-06, 2019-11-06, 2019-11-06",1
"88","SAN MATEO MEDICAL CENTER","Short Term",50113,"222 W 39TH AVE","SAN MATEO","CA","MEDICAL SCREENING EXAM, APPROPRIATE TRANSFER","2016-09-14, 2016-09-14",1
"89","DAMERON HOSPITAL","Short Term",50122,"525 WEST ACACIA STREET","STOCKTON","CA","MEDICAL SCREENING EXAM, STABILIZING TREATMENT, APPROPRIATE TRANSFER","2022-04-22, 2022-04-22, 2022-04-22",1
"90","REGIONAL MEDICAL CENTER OF SAN JOSE","Short Term",50125,"225 N JACKSON AVENUE","SAN JOSE","CA","ON CALL PHYSICIANS","2021-07-21",1
"91","SAN JOAQUIN GENERAL HOSPITAL","Short Term",50167,"500 W HOSPITAL ROAD","FRENCH CAMP","CA","MEDICAL SCREENING EXAM","2012-11-15",1
"92","SEQUOIA HOSPITAL","Short Term",50197,"170 ALAMEDA DE LAS PULGAS","REDWOOD CITY","CA","EMERGENCY ROOM LOG, STABILIZING TREATMENT","2015-02-20, 2015-02-20",1
"93","AHMC ANAHEIM REGIONAL MEDICAL CENTER","Short Term",50226,"1111 W LA PALMA AVENUE","ANAHEIM","CA","COMPLIANCE WITH 489.24, MEDICAL SCREENING EXAM, STABILIZING TREATMENT","2015-02-24, 2015-02-24, 2015-02-24",1
"94","ZUCKERBERG SAN FRANCISCO GENERAL HOSP & TRAUMA CTR","Short Term",50228,"1001 POTRERO AVENUE","SAN FRANCISCO","CA","EMERGENCY ROOM LOG, MEDICAL SCREENING EXAM","2015-04-10, 2015-04-10",1
"95","MERCY MEDICAL CENTER REDDING","Short Term",50280,"2175 ROSALINE AVE, CLAIRMONT HGTS","REDDING","CA","MEDICAL SCREENING EXAM, APPROPRIATE TRANSFER","2014-06-04, 2014-06-04",1
"96","ST MARY MEDICAL CENTER","Short Term",50300,"18300 HIGHWAY 18","APPLE VALLEY","CA","MEDICAL SCREENING EXAM","2014-11-25",1
"97","EL CAMINO HOSPITAL","Short Term",50308,"2500 GRANT ROAD","MOUNTAIN VIEW","CA","STABILIZING TREATMENT, POSTING OF SIGNS, EMERGENCY ROOM LOG","2013-07-16, 2011-02-24, 2011-02-24",2
"98","SUTTER ROSEVILLE MEDICAL CENTER","Short Term",50309,"ONE MEDICAL PLAZA","ROSEVILLE","CA","MEDICAL SCREENING EXAM","2016-04-06",1
"99","KERN MEDICAL CENTER","Short Term",50315,"1700 MOUNT VERNON AVENUE","BAKERSFIELD","CA","ON CALL PHYSICIANS","2014-01-30",1
"100","HIGHLAND HOSPITAL","Short Term",50320,"1411 EAST 31ST STREET","OAKLAND","CA","APPROPRIATE TRANSFER","2017-06-20",1
"101","HEMET GLOBAL MEDICAL CENTER","Short Term",50390,"1117 EAST DEVONSHIRE","HEMET","CA","COMPLIANCE WITH 489.24, EMERGENCY ROOM LOG, MEDICAL SCREENING EXAM","2016-01-14, 2016-01-14, 2016-01-14",1
"102","KAISER FOUNDATION HOSPITAL - SACRAMENTO","Short Term",50425,"2025 MORSE AVENUE","SACRAMENTO","CA","STABILIZING TREATMENT, APPROPRIATE TRANSFER","2020-03-04, 2020-03-04",1
"103","SUTTER AUBURN FAITH HOSPITAL","Short Term",50498,"11815 EDUCATION STREET","AUBURN","CA","MEDICAL SCREENING EXAM, STABILIZING TREATMENT, APPROPRIATE TRANSFER, COMPLIANCE WITH 489.24","2014-07-24, 2014-07-24, 2014-07-24, 2014-07-24",1
"104","JOHN F KENNEDY MEMORIAL HOSPITAL","Short Term",50534,"47111 MONROE STREET","INDIO","CA","MEDICAL SCREENING EXAM, STABILIZING TREATMENT, DELAY IN EXAMINATION OR TREATMENT","2014-04-23, 2014-04-23, 2014-04-23",1
"105","LAKEWOOD REGIONAL MEDICAL CENTER","Short Term",50581,"3700 SOUTH ST","LAKEWOOD","CA","APPROPRIATE TRANSFER","2021-12-10",1
"106","LOS ANGELES COMMUNITY HOSPITAL","Short Term",50663,"4081 E OLYMPIC BLVD","LOS ANGELES","CA","COMPLIANCE WITH 489.24, EMERGENCY ROOM LOG, MEDICAL SCREENING EXAM, STABILIZING TREATMENT, APPROPRIATE TRANSFER","2015-08-18, 2015-08-18, 2015-08-18, 2015-08-18, 2015-08-18",1
"107","KAISER FOUNDATION HOSPITAL, RIVERSIDE","Short Term",50686,"10800 MAGNOLIA AVENUE","RIVERSIDE","CA","COMPLIANCE WITH 489.24, MEDICAL SCREENING EXAM, STABILIZING TREATMENT, APPROPRIATE TRANSFER","2017-11-30, 2017-11-30, 2017-11-30, 2017-11-30",1
"108","ALVARADO HOSPITAL MEDICAL CENTER","Short Term",50757,"6655 ALVARADO ROAD","SAN DIEGO","CA","APPROPRIATE TRANSFER","2016-02-25",1
"109","SHASTA REGIONAL MEDICAL CENTER","Short Term",50764,"1100 BUTTE ST","REDDING","CA","EMERGENCY ROOM LOG, MEDICAL SCREENING EXAM","2017-10-17, 2017-10-17",1
"110","NORTH COLORADO MEDICAL CENTER","Short Term",60001,"1801 16TH ST","GREELEY","CO","EMERGENCY ROOM LOG, MEDICAL SCREENING EXAM","2014-08-07, 2014-08-07",1
"111","CENTURA LONGMONT UNITED HOSPITAL","Short Term",60003,"1950 MOUNTAIN VIEW AVE","LONGMONT","CO","STABILIZING TREATMENT, APPROPRIATE TRANSFER","2014-07-30, 2014-07-30",1
"112","SAN LUIS VALLEY HEALTH","Short Term",60008,"106 BLANCA AVE","ALAMOSA","CO","EMERGENCY ROOM LOG, EMERGENCY ROOM LOG","2012-04-12, 2012-06-22",2
"113","PARKVIEW MEDICAL CENTER, INC","Short Term",60020,"400 W 16TH ST","PUEBLO","CO","APPROPRIATE TRANSFER","2013-11-06",1
"114","CENTURA AVISTA ADVENTIST HOSPITAL","Short Term",60103,"100 HEALTH PARK DR","LOUISVILLE","CO","APPROPRIATE TRANSFER","2012-03-08",1
"115","CENTURA ST ANTHONY NORTH HOSPITAL","Short Term",60104,"14300 ORCHARD PKWY","WESTMINSTER","CO","APPROPRIATE TRANSFER","2019-11-13",1
"116","CENTURA LITTLETON ADVENTIST HOSPITAL","Short Term",60113,"7700 S BROADWAY","LITTLETON","CO","EMERGENCY ROOM LOG, MEDICAL SCREENING EXAM","2016-08-25, 2016-08-25",1
"117","MEDICAL CENTER OF THE ROCKIES","Short Term",60119,"2500 ROCKY MOUNTAIN AVE","LOVELAND","CO","APPROPRIATE TRANSFER, MEDICAL SCREENING EXAM, ON CALL PHYSICIANS, STABILIZING TREATMENT","2013-02-20, 2014-07-23, 2011-07-20, 2011-07-20",3
"118","BANNER FORT COLLINS MEDICAL CENTER","Short Term",60126,"4700 LADY MOON DR","FORT COLLINS","CO","DELAY IN EXAMINATION OR TREATMENT","2015-12-17",1
"119","HARTFORD HOSPITAL","Short Term",70025,"80 SEYMOUR STREET","HARTFORD","CT","MEDICAL SCREENING EXAM","2014-06-25",1
"120","NORWALK HOSPITAL","Short Term",70034,"24 STEVENS STREET","NORWALK","CT","MEDICAL SCREENING EXAM","2022-01-11",1
"121","JACKSON MEMORIAL HOSPITAL","Short Term",100022,"1611 NW 12TH AVE","MIAMI","FL","MEDICAL SCREENING EXAM, STABILIZING TREATMENT","2013-07-05, 2013-07-05",1
"122","STEWARD NORTH SHORE MEDICAL CENTER","Short Term",100029,"1100 NW 95TH ST","MIAMI","FL","APPROPRIATE TRANSFER, RECIPIENT HOSPITAL RESPONSIBILITIES","2014-04-18, 2019-02-19",2
"123","MOUNT SINAI MEDICAL CENTER","Short Term",100034,"4300 ALTON RD","MIAMI BEACH","FL","EMERGENCY ROOM LOG","2013-07-23",1
"124","HCA FLORIDA HIGHLANDS HOSPITAL","Short Term",100049,"3600 S HIGHLANDS AVE","SEBRING","FL","ON CALL PHYSICIANS","2012-05-02",1
"125","WINTER HAVEN HOSPITAL","Short Term",100052,"200 AVE F NE","WINTER HAVEN","FL","MEDICAL SCREENING EXAM","2021-09-02",1
"126","ADVENTHEALTH OCALA","Short Term",100062,"1500 SW 1ST AVE","OCALA","FL","EMERGENCY ROOM LOG, MEDICAL SCREENING EXAM, STABILIZING TREATMENT, RECIPIENT HOSPITAL RESPONSIBILITIES","2017-06-15, 2017-06-15, 2017-06-15, 2017-08-28",2
"127","SHOREPOINT HEALTH PORT CHARLOTTE","Short Term",100077,"2500 HARBOR BLVD","PORT CHARLOTTE","FL","RECIPIENT HOSPITAL RESPONSIBILITIES","2013-10-09",1
"128","SARASOTA MEMORIAL HOSPITAL","Short Term",100087,"1700 S TAMIAMI TRL","SARASOTA","FL","EMERGENCY ROOM LOG, MEDICAL SCREENING EXAM, APPROPRIATE TRANSFER","2015-08-12, 2015-08-12, 2015-08-12",1
"129","ROCKLEDGE REGIONAL MEDICAL CENTER","Short Term",100092,"110 LONGWOOD AVE","ROCKLEDGE","FL","COMPLIANCE WITH 489.24, MEDICAL SCREENING EXAM, STABILIZING TREATMENT, APPROPRIATE TRANSFER","2011-05-18, 2011-05-18, 2011-05-18, 2011-05-18",1
"130","TRI COUNTY HOSPITAL - WILLISTON","Short Term",100139,"125 SW 7TH ST","WILLISTON","FL","MEDICAL SCREENING EXAM, STABILIZING TREATMENT","2011-07-01, 2011-07-01",1
"131","ADVENTHEALTH TAMPA","Short Term",100173,"3100 E FLETCHER AVE","TAMPA","FL","STABILIZING TREATMENT","2018-07-03",1
"132","HCA FLORIDA OCALA HOSPITAL","Short Term",100212,"1431 SW 1ST AVE","OCALA","FL","COMPLIANCE WITH 489.24, EMERGENCY ROOM LOG, STABILIZING TREATMENT, APPROPRIATE TRANSFER","2018-05-30, 2018-05-30, 2018-05-30, 2018-05-30",1
"133","HCA FLORIDA BLAKE HOSPITAL","Short Term",100213,"2020 59TH ST W","BRADENTON","FL","MEDICAL SCREENING EXAM","2014-07-01",1
"134","TAMPA COMMUNITY HOSPITAL","Short Term",100255,"6001 WEBB RD","TAMPA","FL","MEDICAL SCREENING EXAM, APPROPRIATE TRANSFER","2016-11-28, 2016-11-28",1
"135","HCA FLORIDA ENGLEWOOD HOSPITAL","Short Term",100267,"700 MEDICAL BLVD","ENGLEWOOD","FL","MEDICAL SCREENING EXAM","2012-10-09",1
"136","VIERA HOSPITAL","Short Term",100315,"8745 N WICKHAM RD","MELBOURNE","FL","MEDICAL SCREENING EXAM, APPROPRIATE TRANSFER","2012-10-25, 2020-09-03",2
"137","CANDLER HOSPITAL","Short Term",110024,"5353 REYNOLDS STREET","SAVANNAH","GA","COMPLIANCE WITH 489.24, STABILIZING TREATMENT, APPROPRIATE TRANSFER","2017-06-08, 2017-06-08, 2017-06-08",1
"138","ST JOSEPH'S HOSPITAL - SAVANNAH","Short Term",110043,"11705 MERCY BOULEVARD","SAVANNAH","GA","ON CALL PHYSICIANS, APPROPRIATE TRANSFER","2015-03-03, 2015-03-03",1
"139","UNION GENERAL HOSPITAL","Short Term",110051,"35 HOSPITAL ROAD","BLAIRSVILLE","GA","RECIPIENT HOSPITAL RESPONSIBILITIES","2019-01-24",1
"140","EMORY DECATUR HOSPITAL","Short Term",110076,"2701 N DECATUR ROAD","DECATUR","GA","EMERGENCY ROOM LOG","2015-09-08",1
"141","ATRIUM HEALTH NAVICENT THE MEDICAL CENTER","Short Term",110107,"777 HEMLOCK STREET","MACON","GA","COMPLIANCE WITH 489.24, HOSPITAL MUST MAINTAIN RECORDS, EMERGENCY ROOM LOG, MEDICAL SCREENING EXAM","2019-05-17, 2019-05-17, 2019-05-17, 2019-05-17",1
"142","MEMORIAL HEALTH MEADOWS HOSPITAL","Short Term",110128,"ONE MEADOWS PARKWAY","VIDALIA","GA","COMPLIANCE WITH 489.24, EMERGENCY ROOM LOG, MEDICAL SCREENING EXAM, STABILIZING TREATMENT","2011-09-28, 2011-09-28, 2011-09-28, 2011-09-28",1
"143","NORTHSIDE HOSPITAL","Short Term",110161,"1000 JOHNSON FERRY ROAD, NE","ATLANTA","GA","EMERGENCY ROOM LOG","2021-05-06",1
"144","DOCTORS HOSPITAL","Short Term",110177,"3651 WHEELER ROAD","AUGUSTA","GA","COMPLIANCE WITH 489.24, MEDICAL SCREENING EXAM, STABILIZING TREATMENT, APPROPRIATE TRANSFER","2019-04-10, 2019-04-10, 2019-04-10, 2019-04-10",1
"145","PIEDMONT HENRY HOSPITAL","Short Term",110191,"1133 EAGLE'S LANDING PARKWAY","STOCKBRIDGE","GA","STABILIZING TREATMENT, APPROPRIATE TRANSFER, COMPLIANCE WITH 489.24","2017-12-13, 2017-12-13, 2017-12-13",1
"146","EMORY HILLANDALE HOSPITAL","Short Term",110226,"2801 DEKALB MEDICAL PARKWAY","LITHONIA","GA","ON CALL PHYSICIANS, MEDICAL SCREENING EXAM","2015-09-15, 2015-09-15",1
"147","SAINT JOSEPH REGIONAL MEDICAL CENTER","Short Term",150012,"5215 HOLY CROSS PKWY","MISHAWAKA","IN","STABILIZING TREATMENT","2018-08-14",1
"148","INDIANA UNIVERSITY HEALTH NORTH HOSPITAL","Short Term",150161,"11700 N MERIDIAN ST","CARMEL","IN","STABILIZING TREATMENT, APPROPRIATE TRANSFER","2018-07-10, 2018-07-10",1
"149","ST ANTHONY REGIONAL HOSPITAL & NURSING HOME","Short Term",160005,"311 SOUTH CLARK STREET","CARROLL","IA","COMPLIANCE WITH 489.24, MEDICAL SCREENING EXAM","2018-05-23, 2018-05-23",1
"150","TRINITY REGIONAL MEDICAL CENTER","Short Term",160016,"802 KENYON RD","FORT DODGE","IA","COMPLIANCE WITH 489.24, MEDICAL SCREENING EXAM","2022-03-03, 2022-03-03",1
"151","MERCYONE CEDAR FALLS MEDICAL CENTER","Short Term",160040,"515 COLLEGE STREET","CEDAR FALLS","IA","COMPLIANCE WITH 489.24, MEDICAL SCREENING EXAM","2016-10-21, 2016-10-21",1
"152","MERCYONE DES MOINES MEDICAL CENTER","Short Term",160083,"1111 6TH AVE","DES MOINES","IA","COMPLIANCE WITH 489.24, MEDICAL SCREENING EXAM","2011-01-12, 2011-01-12",1
"153","BROADLAWNS MEDICAL CENTER","Short Term",160101,"1801 HICKMAN ROAD","DES MOINES","IA","COMPLIANCE WITH 489.24, MEDICAL SCREENING EXAM","2013-09-25, 2013-09-25",1
"154","NMC HEALTH","Short Term",170103,"600 MEDICAL CENTER DRIVE","NEWTON","KS","COMPLIANCE WITH 489.24, MEDICAL SCREENING EXAM","2012-08-28, 2012-08-28",1
"155","ADVENTHEALTH SHAWNEE MISSION","Short Term",170104,"9100 W 74TH STREET","SHAWNEE MISSION","KS","MEDICAL SCREENING EXAM","2014-11-26",1
"156","OWENSBORO HEALTH MUHLENBERG COMMUNITY HOSPITAL","Short Term",180004,"440 HOPKINSVILLE STREET","GREENVILLE","KY","COMPLIANCE WITH 489.24, MEDICAL SCREENING EXAM","2011-12-16, 2011-12-16",1
"157","UOFL HEALTH - SHELBYVILLE HOSPITAL","Short Term",180016,"727 HOSPITAL DRIVE","SHELBYVILLE","KY","MEDICAL SCREENING EXAM","2014-09-03",1
"158","PINEVILLE COMMUNITY HEALTH CENTER, INC","Short Term",180021,"850 RIVERVIEW AVENUE","PINEVILLE","KY","COMPLIANCE WITH 489.24, MEDICAL SCREENING EXAM, EMERGENCY ROOM LOG","2018-10-31, 2018-10-31, 2018-10-31",1
"159","BAPTIST HEALTH RICHMOND","Short Term",180049,"801 EASTERN BYPASS","RICHMOND","KY","COMPLIANCE WITH 489.24, STABILIZING TREATMENT","2016-10-13, 2016-10-13",1
"160","HARLAN ARH HOSPITAL","Short Term",180050,"81 BALL PARK ROAD","HARLAN","KY","COMPLIANCE WITH 489.24, STABILIZING TREATMENT","2017-06-28, 2017-06-28",1
"161","MERCY HEALTH LOURDES HOSPITAL","Short Term",180102,"1530 LONE OAK ROAD","PADUCAH","KY","EMERGENCY ROOM LOG, MEDICAL SCREENING EXAM","2016-10-14, 2016-10-14",1
"162","TRISTAR GREENVIEW REGIONAL HOSPITAL","Short Term",180124,"1801 ASHLEY CIRCLE","BOWLING GREEN","KY","STABILIZING TREATMENT, APPROPRIATE TRANSFER","2021-05-06, 2021-05-06",1
"163","CHI SAINT JOSEPH EAST","Short Term",180143,"150 NORTH EAGLE CREEK DRIVE","LEXINGTON","KY","MEDICAL SCREENING EXAM, STABILIZING TREATMENT","2015-09-30, 2015-09-30",1
"164","LEONARD J CHABERT MEDICAL CENTER","Short Term",190183,"1978 INDUSTRIAL BLVD","HOUMA","LA","COMPLIANCE WITH 489.24, MEDICAL SCREENING EXAM","2017-08-08, 2017-08-08",1
"165","OCHSNER MEDICAL CENTER - BATON ROUGE","Short Term",190202,"17000 MEDICAL CENTER DR","BATON ROUGE","LA","APPROPRIATE TRANSFER","2016-12-08",1
"166","OCHSNER MEDICAL CENTER-KENNER","Short Term",190274,"180 WEST ESPLANADE AVENUE","KENNER","LA","COMPLIANCE WITH 489.24, EMERGENCY ROOM LOG, MEDICAL SCREENING EXAM","2015-06-11, 2015-06-11, 2015-06-11",1
"167","MEDSTAR FRANKLIN SQUARE MEDICAL CENTER","Short Term",210015,"9000 FRANKLIN SQUARE DRIVE","ROSEDALE","MD","RECIPIENT HOSPITAL RESPONSIBILITIES","2014-05-27",1
"168","UNION HOSPITAL OF CECIL COUNTY","Short Term",210032,"106 BOW STREET","ELKTON","MD","EMERGENCY ROOM LOG","2019-07-29",1
"169","HOLY FAMILY HOSPITAL","Short Term",220080,"70 EAST STREET","METHUEN","MA","MEDICAL SCREENING EXAM","2016-04-21",1
"170","SINAI-GRACE HOSPITAL","Short Term",230024,"6071 W OUTER DRIVE","DETROIT","MI","MEDICAL SCREENING EXAM","2015-01-27",1
"171","MCLAREN NORTHERN MICHIGAN","Short Term",230105,"416 CONNABLE AVE","PETOSKEY","MI","MEDICAL SCREENING EXAM","2021-11-18",1
"172","ASCENSION ST JOHN HOSPITAL","Short Term",230165,"22101 MOROSS RD","DETROIT","MI","STABILIZING TREATMENT","2012-12-11",1
"173","MCLAREN PORT HURON","Short Term",230216,"1221 PINE GROVE AVE","PORT HURON","MI","MEDICAL SCREENING EXAM","2014-09-25",1
"174","HENRY FORD HEALTH WEST BLOOMFIELD HOSPITAL","Short Term",230302,"6777 WEST MAPLE ROAD","WEST BLOOMFIELD","MI","EMERGENCY ROOM LOG, MEDICAL SCREENING EXAM","2020-04-07, 2020-04-07",1
"175","MAYO CLINIC HEALTH SYSTEM - RED WING","Short Term",240018,"701 HEWITT BOULEVARD","RED WING","MN","MEDICAL SCREENING EXAM, APPROPRIATE TRANSFER","2013-05-09, 2013-05-09",1
"176","MAYO CLINIC HEALTH SYSTEM - ALBERT LEA AND AUSTIN","Short Term",240043,"404 WEST FOUNTAIN STREET","ALBERT LEA","MN","COMPLIANCE WITH 489.24, STABILIZING TREATMENT","2018-03-21, 2018-03-21",1
"177","ABBOTT NORTHWESTERN HOSPITAL","Short Term",240057,"800 EAST 28TH STREET","MINNEAPOLIS","MN","COMPLIANCE WITH 489.24, MEDICAL SCREENING EXAM","2012-10-30, 2012-10-30",1
"178","CENTRACARE- RICE MEMORIAL HOSPITAL","Short Term",240088,"301 BECKER AVE SW","WILLMAR","MN","APPROPRIATE TRANSFER","2013-04-10",1
"179","MAYO CLINIC HEALTH SYSTEM - FAIRMONT","Short Term",240166,"800 MEDICAL CENTER DRIVE, PO BOX 800","FAIRMONT","MN","APPROPRIATE TRANSFER","2013-02-19",1
"180","OCH REGIONAL MEDICAL CENTER","Short Term",250050,"400 HOSPITAL ROAD /MAIL PO BOX 1506","STARKVILLE","MS","MEDICAL SCREENING EXAM, STABILIZING TREATMENT","2022-02-17, 2022-02-17",1
"181","MERIT HEALTH NATCHEZ","Short Term",250084,"52 SERGEANT PRENTISS DRIVE","NATCHEZ","MS","COMPLIANCE WITH 489.24, MEDICAL SCREENING EXAM, STABILIZING TREATMENT","2017-03-22, 2017-03-22, 2017-03-22",1
"182","ANDERSON REGIONAL MEDICAL CENTER","Short Term",250104,"2124 14TH STREET","MERIDIAN","MS","COMPLIANCE WITH 489.24, MEDICAL SCREENING EXAM, STABILIZING TREATMENT","2016-06-08, 2016-06-08, 2016-06-08",1
"183","SSM HEALTH ST JOSEPH HOSPITAL-ST CHARLES","Short Term",260005,"300 1ST CAPITOL DR","SAINT CHARLES","MO","RECIPIENT HOSPITAL RESPONSIBILITIES","2015-12-23",1
"184","MERCY HOSPITAL LEBANON","Short Term",260059,"100 HOSPITAL DRIVE","LEBANON","MO","STABILIZING TREATMENT","2020-09-17",1
"185","UNIVERSITY HEALTH LAKEWOOD MEDICAL CENTER","Short Term",260102,"7900 LEE'S SUMMIT RD","KANSAS CITY","MO","MEDICAL SCREENING EXAM, EMERGENCY ROOM LOG","2014-10-16, 2014-10-16",1
"186","PARKLAND HEALTH CENTER - WEBER ROAD","Short Term",260116,"1212 WEBER RD","FARMINGTON","MO","COMPLIANCE WITH 489.24, APPROPRIATE TRANSFER, EMERGENCY ROOM LOG","2011-09-15, 2011-09-15, 2011-09-15",1
"187","MARY LANNING HEALTHCARE","Short Term",280032,"715 N ST JOSEPH AVE","HASTINGS","NE","COMPLIANCE WITH 489.24, APPROPRIATE TRANSFER","2018-07-26, 2018-07-26",1
"188","NYE REGIONAL MEDICAL CENTER","Short Term",290020,"825 ERIE MAIN ST (AKA SOUTH MAIN)","TONOPAH","NV","MEDICAL SCREENING EXAM","2012-05-10",1
"189","SAINT ROSE DOMINICAN HOSPITALS - SIENA CAMPUS","Short Term",290045,"3001 ST ROSE PARKWAY","HENDERSON","NV","DELAY IN EXAMINATION OR TREATMENT, MEDICAL SCREENING EXAM","2011-08-19, 2011-08-19",1
"190","SPRING VALLEY HOSPITAL MEDICAL CENTER","Short Term",290046,"5400 SOUTH RAINBOW BLVD","LAS VEGAS","NV","EMERGENCY ROOM LOG, MEDICAL SCREENING EXAM","2011-05-25, 2011-05-25",1
"191","ST JOSEPH'S UNIVERSITY MEDICAL CENTER","Short Term",310019,"703 MAIN ST","PATERSON","NJ","MEDICAL SCREENING EXAM, STABILIZING TREATMENT, MEDICAL SCREENING EXAM","2017-10-23, 2017-10-23, 2018-09-24",2
"192","ROBERT WOOD JOHNSON UNIVERSITY HOSPITAL","Short Term",310038,"ONE ROBERT WOOD JOHNSON PLACE","NEW BRUNSWICK","NJ","EMERGENCY ROOM LOG","2016-06-30",1
"193","JERSEY CITY MEDICAL CENTER","Short Term",310074,"355 GRAND STREET","JERSEY CITY","NJ","MEDICAL SCREENING EXAM","2014-03-24",1
"194","SAINT MICHAEL'S MEDICAL CENTER","Short Term",310096,"111 CENTRAL AVENUE","NEWARK","NJ","APPROPRIATE TRANSFER, MEDICAL SCREENING EXAM","2015-04-15, 2015-04-15",1
"195","HACKETTSTOWN MEDICAL CENTER","Short Term",310115,"651 WILLOW GROVE ST","HACKETTSTOWN","NJ","STABILIZING TREATMENT","2014-10-01",1
"196","DHHS USPHS INDIAN HEALTH SERVICES","Short Term",320070,"EXIT #102 OFF I-40 1/2 MILE SOUTH","SAN FIDEL","NM","APPROPRIATE TRANSFER","2011-08-18",1
"197","WYOMING COUNTY COMMUNITY HOSPITAL","Short Term",330008,"400 NORTH MAIN STREET","WARSAW","NY","MEDICAL SCREENING EXAM","2017-10-31",1
"198","MOUNT SINAI HOSPITAL","Short Term",330024,"ONE GUSTAVE L LEVY PLACE","NEW YORK","NY","APPROPRIATE TRANSFER","2016-03-11",1
"199","HUNTINGTON HOSPITAL","Short Term",330045,"270 PARK AVENUE","HUNTINGTON","NY","EMERGENCY ROOM LOG, APPROPRIATE TRANSFER","2011-10-14, 2011-10-14",1
"200","MONTEFIORE MEDICAL CENTER","Short Term",330059,"111 EAST 210TH STREET","BRONX","NY","EMERGENCY ROOM LOG","2015-02-04",1
"201","NEW YORK-PRESBYTERIAN HOSPITAL/LAWRENCE","Short Term",330061,"55 PALMER AVENUE","BRONXVILLE","NY","MEDICAL SCREENING EXAM","2017-09-21",1
"202","ARNOT OGDEN MEDICAL CENTER","Short Term",330090,"600 ROE AVENUE","ELMIRA","NY","RECIPIENT HOSPITAL RESPONSIBILITIES, MEDICAL SCREENING EXAM, EMERGENCY ROOM LOG, RECIPIENT HOSPITAL RESPONSIBILITIES","2012-06-06, 2013-12-20, 2013-12-20, 2014-05-15",3
"203","ST JOSEPH'S HOSPITAL","Short Term",330108,"555 ST JOSEPH'S BLVD","ELMIRA","NY","EMERGENCY ROOM LOG, MEDICAL SCREENING EXAM","2017-11-17, 2017-11-17",1
"204","ELMHURST HOSPITAL CENTER","Short Term",330128,"79-01 BROADWAY","ELMHURST","NY","EMERGENCY ROOM LOG","2014-04-22",1
"205","TLC NETWORK","Short Term",330132,"845 ROUTES 5 AND 20","IRVING","NY","APPROPRIATE TRANSFER, MEDICAL SCREENING EXAM, STABILIZING TREATMENT","2013-10-04, 2013-10-04, 2013-10-04",1
"206","MARY IMOGENE BASSETT HOSPITAL","Short Term",330136,"ONE ATWELL ROAD","COOPERSTOWN","NY","MEDICAL SCREENING EXAM, APPROPRIATE TRANSFER","2012-12-21, 2012-12-21",1
"207","LONG ISLAND COMMUNITY HOSPITAL","Short Term",330141,"101 HOSPITAL ROAD","PATCHOGUE","NY","APPROPRIATE TRANSFER","2019-02-06",1
"208","MOUNT SINAI BETH ISRAEL","Short Term",330169,"FIRST AVENUE AT 16TH STREET","NEW YORK","NY","APPROPRIATE TRANSFER","2017-06-22",1
"209","GLEN COVE HOSPITAL","Short Term",330181,"101 ST ANDREWS LANE","GLEN COVE","NY","MEDICAL SCREENING EXAM","2018-09-26",1
"210","MONTEFIORE NEW ROCHELLE HOSPITAL","Short Term",330184,"16 GUION PLACE","NEW ROCHELLE","NY","MEDICAL SCREENING EXAM","2014-02-21",1
"211","ST JOHN'S RIVERSIDE HOSPITAL","Short Term",330208,"976 NORTH BROADWAY","YONKERS","NY","MEDICAL SCREENING EXAM","2019-08-29",1
"212","PUTNAM HOSPITAL CENTER","Short Term",330273,"670 STONELEIGH AVENUE","CARMEL","NY","MEDICAL SCREENING EXAM","2019-06-21",1
"213","CORNING HOSPITAL","Short Term",330277,"1 GUTHRIE DRIVE","CORNING","NY","MEDICAL SCREENING EXAM, EMERGENCY ROOM LOG","2017-11-15, 2017-11-15",1
"214","WHITE PLAINS HOSPITAL CENTER","Short Term",330304,"41 EAST POST R0AD","WHITE PLAINS","NY","EMERGENCY ROOM LOG, MEDICAL SCREENING EXAM","2016-08-17, 2016-08-17",1
"215","SUNY HEALTH SCIENCE CENTER AT BROOKLYN UNIVERSITY","Short Term",330350,"445 LENOX ROAD","BROOKLYN","NY","EMERGENCY ROOM LOG","2013-10-09",1
"216","STONY BROOK UNIVERSITY HOSPITAL","Short Term",330393,"HEALTH SCIENCES CENTER SUNY","STONY BROOK","NY","MEDICAL SCREENING EXAM","2014-02-19",1
"217","ATRIUM HEALTH CABARRUS","Short Term",340001,"920 CHURCH ST N","CONCORD","NC","APPROPRIATE TRANSFER","2014-07-11",1
"218","NORTHERN REGIONAL HOSPITAL","Short Term",340003,"830 ROCKFORD ST","MOUNT AIRY","NC","MEDICAL SCREENING EXAM","2017-10-26",1
"219","ADVENTHEALTH HENDERSONVILLE","Short Term",340023,"100 HOSPITAL DRIVE","HENDERSONVILLE","NC","MEDICAL SCREENING EXAM, STABILIZING TREATMENT, APPROPRIATE TRANSFER","2011-08-26, 2011-08-26, 2011-08-26",1
"220","SAMPSON REGIONAL MEDICAL CENTER","Short Term",340024,"607 BEAMAN ST","CLINTON","NC","MEDICAL SCREENING EXAM, MEDICAL SCREENING EXAM, STABILIZING TREATMENT, APPROPRIATE TRANSFER","2011-03-10, 2015-11-04, 2015-11-04, 2015-11-04",2
"221","CAPE FEAR VALLEY MEDICAL CENTER","Short Term",340028,"1638 OWEN DRIVE P O BOX 2000","FAYETTEVILLE","NC","MEDICAL SCREENING EXAM, STABILIZING TREATMENT","2013-11-07, 2013-11-07",1
"222","ONSLOW MEMORIAL HOSPITAL","Short Term",340042,"317 WESTERN BOULEVARD","JACKSONVILLE","NC","APPROPRIATE TRANSFER, MEDICAL SCREENING EXAM","2015-10-29, 2015-10-29",1
"223","NORTH CAROLINA BAPTIST HOSPITAL","Short Term",340047,"MEDICAL CENTER BOULEVARD","WINSTON-SALEM","NC","APPROPRIATE TRANSFER","2015-05-01",1
"224","SOUTHEASTERN REGIONAL MEDICAL CENTER","Short Term",340050,"300 W 27 ST  PO BOX 1408","LUMBERTON","NC","MEDICAL SCREENING EXAM, STABILIZING TREATMENT","2018-11-08, 2018-11-08",1
"225","WATAUGA MEDICAL CENTER","Short Term",340051,"336 DEERFIELD ROAD","BOONE","NC","MEDICAL SCREENING EXAM","2017-11-01",1
"226","NOVANT HEALTH PRESBYTERIAN MEDICAL CENTER","Short Term",340053,"200 HAWTHORNE LANE BOX 33549","CHARLOTTE","NC","MEDICAL SCREENING EXAM","2019-09-12",1
"227","ALAMANCE REGIONAL MEDICAL CENTER","Short Term",340070,"1240 HUFFMAN MILL RD","BURLINGTON","NC","APPROPRIATE TRANSFER","2014-12-11",1
"228","DUKE HEALTH RALEIGH HOSPITAL","Short Term",340073,"3400 WAKE FOREST RD","RALEIGH","NC","MEDICAL SCREENING EXAM","2020-09-03",1
"229","JOHNSTON HEALTH","Short Term",340090,"509 BRIGHT LEAF BLVD","SMITHFIELD","NC","ON CALL PHYSICIANS, MEDICAL SCREENING EXAM","2022-02-04, 2022-02-04",1
"230","THE MOSES H CONE MEMORIAL HOSPITAL","Short Term",340091,"1200 N ELM ST","GREENSBORO","NC","COMPLIANCE WITH 489.24","2017-09-01",1
"231","FRYE REGIONAL MEDICAL CENTER","Short Term",340116,"420 N CENTER ST","HICKORY","NC","MEDICAL SCREENING EXAM, APPROPRIATE TRANSFER","2018-09-06, 2018-09-06",1
"232","RANDOLPH HOSPITAL","Short Term",340123,"364 WHITE OAK STREET","ASHEBORO","NC","MEDICAL SCREENING EXAM","2021-09-08",1
"233","WILSON MEDICAL CENTER","Short Term",340126,"1705 S TARBORO ST","WILSON","NC","APPROPRIATE TRANSFER","2014-11-14",1
"234","CAROLINA EAST MEDICAL CENTER","Short Term",340131,"2000 NEUSE BLVD","NEW BERN","NC","APPROPRIATE TRANSFER, MEDICAL SCREENING EXAM","2014-11-05, 2017-03-15",2
"235","MARTIN GENERAL HOSPITAL","Short Term",340133,"310 S MCCASKEY RD P O BOX 1128","WILLIAMSTON","NC","COMPLIANCE WITH 489.24, EMERGENCY ROOM LOG, MEDICAL SCREENING EXAM","2018-09-06, 2018-09-06, 2018-09-06",1
"236","CATAWBA VALLEY MEDICAL CENTER","Short Term",340143,"810 FAIRGROVE CHURCH RD","HICKORY","NC","MEDICAL SCREENING EXAM, EMERGENCY ROOM LOG, MEDICAL SCREENING EXAM","2014-03-13, 2020-04-29, 2020-04-29",2
"237","ATRIUM HEALTH LINCOLN","Short Term",340145,"433 MCALISTER RD","LINCOLNTON","NC","HOSPITAL MUST MAINTAIN RECORDS, MEDICAL SCREENING EXAM","2011-02-18, 2011-02-18",1
"238","NASH GENERAL HOSPITAL","Short Term",340147,"2460 CURTIS ELLIS DRIVE","ROCKY MOUNT","NC","MEDICAL SCREENING EXAM, STABILIZING TREATMENT","2017-08-16, 2017-08-16",1
"239","HALIFAX REGIONAL MEDICAL CENTER INC","Short Term",340151,"250 SMITH CHURCH RD","ROANOKE RAPIDS","NC","MEDICAL SCREENING EXAM, APPROPRIATE TRANSFER, STABILIZING TREATMENT","2019-08-07, 2019-08-07, 2021-06-16",2
"240","DUKE REGIONAL HOSPITAL","Short Term",340155,"3643 N ROXBORO STREET","DURHAM","NC","APPROPRIATE TRANSFER","2014-10-29",1
"241","NOVANT HEALTH HUNTERSVILLE MEDICAL CENTER","Short Term",340183,"10030 GILEAD ROAD","HUNTERSVILLE","NC","MEDICAL SCREENING EXAM","2016-06-02",1
"242","ALTRU HOSPITAL","Short Term",350019,"1200 S COLUMBIA RD","GRAND FORKS","ND","STABILIZING TREATMENT","2012-05-03",1
"243","RIVERSIDE METHODIST HOSPITAL","Short Term",360006,"3535 OLENTANGY RIVER RD","COLUMBUS","OH","MEDICAL SCREENING EXAM","2020-02-06",1
"244","MOUNT CARMEL EAST","Short Term",360035,"6001 EAST BROAD STREET","COLUMBUS","OH","COMPLIANCE WITH 489.24, STABILIZING TREATMENT","2011-02-09, 2011-02-09",1
"245","MERCY HEALTH - ST CHARLES HOSPITAL","Short Term",360081,"2600 NAVARRE AVENUE","OREGON","OH","APPROPRIATE TRANSFER","2021-11-22",1
"246","LAKE HEALTH","Short Term",360098,"7590 AUBURN ROAD","CONCORD","OH","STABILIZING TREATMENT","2013-03-06",1
"247","UH CLEVELAND MEDICAL CENTER","Short Term",360137,"11100 EUCLID AVENUE","CLEVELAND","OH","MEDICAL SCREENING EXAM","2020-07-21",1
"248","STEWARD NORTHSIDE MEDICAL CENTER, INC","Short Term",360141,"500 GYPSY LANE","YOUNGSTOWN","OH","MEDICAL SCREENING EXAM","2015-08-05",1
"249","SAINT FRANCIS HOSPITAL, INC","Short Term",370091,"6161 SOUTH YALE","TULSA","OK","MEDICAL SCREENING EXAM, STABILIZING TREATMENT","2018-09-10, 2018-09-10",1
"250","OKLAHOMA HEART HOSPITAL, LLC","Short Term",370215,"4050 WEST MEMORIAL ROAD","OKLAHOMA CITY","OK","MEDICAL SCREENING EXAM","2012-07-03",1
"251","LEGACY GOOD SAMARITAN MEDICAL CENTER","Short Term",380017,"1015 NW 22ND AVENUE, W121","PORTLAND","OR","MEDICAL SCREENING EXAM, STABILIZING TREATMENT, APPROPRIATE TRANSFER","2019-10-11, 2019-10-11, 2019-10-11",1
"252","MCKENZIE-WILLAMETTE MEDICAL CENTER","Short Term",380020,"1460 G STREET","SPRINGFIELD","OR","APPROPRIATE TRANSFER","2011-11-21",1
"253","TUALITY COMMUNITY HOSPITAL","Short Term",380021,"335 SE 8TH AVENUE","HILLSBORO","OR","STABILIZING TREATMENT, APPROPRIATE TRANSFER","2016-06-21, 2016-06-21",1
"254","PROVIDENCE WILLAMETTE FALLS MEDICAL CENTER","Short Term",380038,"1500 DIVISION STREET","OREGON CITY","OR","MEDICAL SCREENING EXAM","2019-04-19",1
"255","ADVENTIST HEALTH PORTLAND","Short Term",380060,"10123 SE MARKET STREET","PORTLAND","OR","APPROPRIATE TRANSFER","2015-05-13",1
"256","PROVIDENCE PORTLAND MEDICAL CENTER","Short Term",380061,"4805 NE GLISAN STREET","PORTLAND","OR","APPROPRIATE TRANSFER, POSTING OF SIGNS, EMERGENCY ROOM LOG","2018-07-18, 2018-07-18, 2018-07-18",1
"257","WILLAMETTE VALLEY MEDICAL CENTER","Short Term",380071,"2700 SE STRATUS AVE.","MCMINNVILLE","OR","COMPLIANCE WITH 489.24, APPROPRIATE TRANSFER","2019-03-14, 2019-03-14",1
"258","PROVIDENCE MILWAUKIE HOSPITAL","Short Term",380082,"10150 SE 32ND AVENUE","MILWAUKIE","OR","APPROPRIATE TRANSFER","2016-07-21",1
"259","KAISER SUNNYSIDE MEDICAL CENTER","Short Term",380091,"10180 SE SUNNYSIDE ROAD","CLACKAMAS","OR","MEDICAL SCREENING EXAM, APPROPRIATE TRANSFER","2015-09-23, 2015-09-23",1
"260","UPMC BEDFORD MEMORIAL","Short Term",390117,"10455 LINCOLN HIGHWAY","EVERETT","PA","MEDICAL SCREENING EXAM, EMERGENCY ROOM LOG, MEDICAL SCREENING EXAM, APPROPRIATE TRANSFER","2011-08-09, 2011-06-30, 2011-06-30, 2011-06-30",2
"261","SPARTANBURG MEDICAL CENTER","Short Term",420007,"101 E WOOD ST","SPARTANBURG","SC","COMPLIANCE WITH 489.24, MEDICAL SCREENING EXAM","2020-02-14, 2020-02-14",1
"262","TRMC OF ORANGEBURG & CALHOUN","Short Term",420068,"3000 ST MATTHEWS RD BOX 1806","ORANGEBURG","SC","MEDICAL SCREENING EXAM","2019-04-18",1
"263","PRISMA HEALTH BAPTIST PARKRIDGE","Short Term",420106,"400 PALMETTO HEALTH PARKWAY","COLUMBIA","SC","COMPLIANCE WITH 489.24, EMERGENCY ROOM LOG, MEDICAL SCREENING EXAM, POSTING OF SIGNS","2020-09-24, 2020-09-24, 2020-09-24, 2020-09-24",1
"264","BLOUNT MEMORIAL HOSPITAL","Short Term",440011,"907 E LAMAR ALEXANDER PARKWAY","MARYVILLE","TN","COMPLIANCE WITH 489.24, MEDICAL SCREENING EXAM","2021-06-07, 2021-06-07",1
"265","ROANE MEDICAL CENTER","Short Term",440031,"8045 ROANE MEDICAL CENTER DRIVE","HARRIMAN","TN","MEDICAL SCREENING EXAM, STABILIZING TREATMENT","2015-04-02, 2015-04-02",1
"266","METHODIST MEDICAL CENTER OF OAK RIDGE","Short Term",440034,"990 OAK RIDGE TURNPIKE BOX 529","OAK RIDGE","TN","MEDICAL SCREENING EXAM, MEDICAL SCREENING EXAM","2019-01-14, 2018-12-13",2
"267","TENNOVA HEALTHCARE-CLARKSVILLE","Short Term",440035,"651 DUNLOP LANE","CLARKSVILLE","TN","COMPLIANCE WITH 489.24, DELAY IN EXAMINATION OR TREATMENT","2017-03-15, 2017-03-15",1
"268","PERRY COMMUNITY HOSPITAL","Short Term",440040,"2718 SQUIRREL HOLLOW DRIVE","LINDEN","TN","MEDICAL SCREENING EXAM","2018-03-29",1
"269","METHODIST HOSPITALS OF MEMPHIS","Short Term",440049,"1265 UNION AVE SUITE 700","MEMPHIS","TN","APPROPRIATE TRANSFER, EMERGENCY ROOM LOG, MEDICAL SCREENING EXAM","2014-07-24, 2017-12-07, 2017-12-07",2
"270","SAINT THOMAS RUTHERFORD HOSPITAL","Short Term",440053,"1700 MEDICAL CENTER PARKWAY","MURFREESBORO","TN","MEDICAL SCREENING EXAM, APPROPRIATE TRANSFER","2019-11-20, 2019-11-20",1
"271","TENNOVA HEALTHCARE JEFFERSON MEMORIAL HOSPITAL","Short Term",440056,"110 HOSPITAL DRIVE","JEFFERSON CITY","TN","MEDICAL SCREENING EXAM","2015-07-16",1
"272","TRISTAR NORTHCREST MEDICAL CENTER","Short Term",440065,"100 NORTHCREST DRIVE","SPRINGFIELD","TN","MEDICAL SCREENING EXAM","2018-07-11",1
"273","STARR REGIONAL MEDICAL CENTER ATHENS","Short Term",440068,"1114 W MADISON AVE","ATHENS","TN","MEDICAL SCREENING EXAM, COMPLIANCE WITH 489.24, MEDICAL SCREENING EXAM","2017-10-16, 2018-08-09, 2018-08-09",2
"274","SWEETWATER HOSPITAL ASSOCIATION","Short Term",440084,"304 WRIGHT ST","SWEETWATER","TN","MEDICAL SCREENING EXAM, APPROPRIATE TRANSFER","2016-10-27, 2016-10-27",1
"275","TENNOVA HEALTHCARE NORTH KNOXVILLE MEDICAL CENTER","Short Term",440120,"7565 DANNAHER WAY POWELL","POWELL","TN","MEDICAL SCREENING EXAM, ON CALL PHYSICIANS, MEDICAL SCREENING EXAM, STABILIZING TREATMENT, APPROPRIATE TRANSFER","2017-07-21, 2017-11-02, 2017-11-02, 2017-11-02, 2017-11-02",2
"276","FORT SANDERS REGIONAL MEDICAL CENTER","Short Term",440125,"1901 W CLINCH AVE","KNOXVILLE","TN","RECEIVING AN INAPPROPRIATE TRANSFER, MEDICAL SCREENING EXAM, EMERGENCY ROOM LOG","2018-12-19, 2018-12-19, 2014-04-11",2
"277","BAPTIST MEMORIAL HOSPITAL UNION CITY","Short Term",440130,"1201 BISHOP ST, PO BOX 310","UNION CITY","TN","APPROPRIATE TRANSFER","2020-12-15",1
"278","SAINT THOMAS MIDTOWN HOSPITAL","Short Term",440133,"2000 CHURCH ST","NASHVILLE","TN","MEDICAL SCREENING EXAM","2017-07-20",1
"279","SAINT THOMAS RIVER PARK HOSPITAL","Short Term",440151,"1559 SPARTA STREET","MC MINNVILLE","TN","APPROPRIATE TRANSFER","2011-04-18",1
"280","PARKRIDGE MEDICAL CENTER","Short Term",440156,"2333 MCCALLIE AVE","CHATTANOOGA","TN","MEDICAL SCREENING EXAM, MEDICAL SCREENING EXAM, DELAY IN EXAMINATION OR TREATMENT","2017-08-02, 2017-09-07, 2017-09-07",2
"281","TRISTAR CENTENNIAL MEDICAL CENTER","Short Term",440161,"2300 PATTERSON STREET","NASHVILLE","TN","STABILIZING TREATMENT, APPROPRIATE TRANSFER","2018-01-08, 2018-01-08",1
"282","PARKWEST MEDICAL CENTER","Short Term",440173,"9352 PARK WEST BLVD","KNOXVILLE","TN","MEDICAL SCREENING EXAM","2018-12-13",1
"283","TENNOVA HEALTHCARE-CLEVELAND","Short Term",440185,"2305 CHAMBLISS AVE NW","CLEVELAND","TN","MEDICAL SCREENING EXAM","2011-09-06",1
"284","SAINT FRANCIS BARTLETT MEDICAL CENTER","Short Term",440228,"2986 KATE BOND RD","BARTLETT","TN","STABILIZING TREATMENT, DELAY IN EXAMINATION OR TREATMENT","2013-03-20, 2013-03-20",1
"285","BIG SOUTH FORK MEDICAL CENTER","Short Term",440235,"18797 ALBERTA STREET","ONEIDA","TN","APPROPRIATE TRANSFER","2021-09-21",1
"286","METHODIST DALLAS MEDICAL CENTER","Short Term",450051,"1441 NORTH BECKLEY AVENUE","DALLAS","TX","MEDICAL SCREENING EXAM, DELAY IN EXAMINATION OR TREATMENT","2011-08-04, 2011-08-04",1
"287","HCA HOUSTON HEALTHCARE SOUTHEAST","Short Term",450097,"4000 SPENCER HWY","PASADENA","TX","MEDICAL SCREENING EXAM, STABILIZING TREATMENT, APPROPRIATE TRANSFER","2011-03-18, 2011-03-18, 2011-03-18",1
"288","TEXAS HEALTH HARRIS METHODIST FORT WORTH","Short Term",450135,"1301 PENNSYLVANIA AVENUE","FORT WORTH","TX","EMERGENCY ROOM LOG, MEDICAL SCREENING EXAM","2017-01-31, 2017-01-31",1
"289","ADVENTHEALTH CENTRAL TEXAS","Short Term",450152,"2201 S CLEAR CREEK ROAD","KILLEEN","TX","MEDICAL SCREENING EXAM","2017-07-27",1
"290","HEREFORD REGIONAL MEDICAL CENTER","Short Term",450155,"801 EAST THIRD","HEREFORD","TX","EMERGENCY ROOM LOG, MEDICAL SCREENING EXAM","2018-09-17, 2018-09-17",1
"291","UT HEALTH EAST TEXAS CARTHAGE HOSPITAL","Short Term",450210,"409 COTTAGE RD","CARTHAGE","TX","EMERGENCY ROOM LOG, MEDICAL SCREENING EXAM","2012-08-03, 2012-08-03",1
"292","BAYLOR SCOTT & WHITE MEDICAL CENTER- WAXAHACHIE","Short Term",450372,"2400 N INTERSTATE HIGHWAY 35E","WAXAHACHIE","TX","MEDICAL SCREENING EXAM","2020-01-30",1
"293","LAKE GRANBURY MEDICAL CENTER","Short Term",450596,"1310 PALUXY RD","GRANBURY","TX","MEDICAL SCREENING EXAM","2016-01-13",1
"294","MEDICAL CITY DALLAS","Short Term",450647,"7777 FOREST LANE","DALLAS","TX","MEDICAL SCREENING EXAM","2021-05-27",1
"295","MEDICAL CITY ARLINGTON","Short Term",450675,"3301 MATLOCK ROAD","ARLINGTON","TX","MEDICAL SCREENING EXAM","2011-09-14",1
"296","RENAISSANCE HOSPITAL TERRELL","Short Term",450683,"1551 HWY 34 S","TERRELL","TX","MEDICAL SCREENING EXAM","2012-12-03",1
"297","BAYLOR SCOTT AND WHITE MEDICAL CENTER LAKE POINTE","Short Term",450742,"6800 SCENIC DR","ROWLETT","TX","MEDICAL SCREENING EXAM","2011-10-10",1
"298","HOUSTON METHODIST WILLOWBROOK HOSPITAL","Short Term",450844,"18220 STATE HIGHWAY 249","HOUSTON","TX","STABILIZING TREATMENT, APPROPRIATE TRANSFER","2015-12-18, 2015-12-18",1
"299","EAST TEXAS MEDICAL CENTER - GILMER","Short Term",450884,"712 NORTH WOOD","GILMER","TX","MEDICAL SCREENING EXAM","2013-09-05",1
"300","RUTLAND REGIONAL MEDICAL CENTER","Short Term",470005,"160 ALLEN ST","RUTLAND","VT","MEDICAL SCREENING EXAM","2011-06-23",1
"301","MARY WASHINGTON HOSPITAL, INC","Short Term",490022,"1001 SAM PERRY BOULEVARD","FREDERICKSBURG","VA","MEDICAL SCREENING EXAM","2017-06-21",1
"302","SWEDISH ISSAQUAH","Short Term",500152,"751 NE BLAKELY DR","ISSAQUAH","WA","APPROPRIATE TRANSFER","2017-03-31",1
"303","RALEIGH GENERAL HOSPITAL","Short Term",510070,"1710 HARPER ROAD","BECKLEY","WV","STABILIZING TREATMENT, APPROPRIATE TRANSFER","2017-10-18, 2017-10-18",1
"304","WELCH COMMUNITY HOSPITAL","Short Term",510086,"454 MCDOWELL STREET","WELCH","WV","MEDICAL SCREENING EXAM","2015-04-30",1
"305","SACRED HEART HOSPITAL","Short Term",520013,"900 W CLAIREMONT AVE","EAU CLAIRE","WI","RECIPIENT HOSPITAL RESPONSIBILITIES","2017-02-28",1
"306","ASCENSION NE WISCONSIN MERCY CAMPUS","Short Term",520048,"500 S OAKWOOD RD","OSHKOSH","WI","EMERGENCY ROOM LOG, MEDICAL SCREENING EXAM, POSTING OF SIGNS","2016-05-19, 2016-05-19, 2016-05-19",1
"307","ASCENSION COLUMBIA ST MARY'S HOSPITAL MILWAUKEE","Short Term",520051,"2323 N LAKE DR","MILWAUKEE","WI","STABILIZING TREATMENT","2019-12-19",1
"308","MAYO CLINIC HEALTH SYSTEM IN EAU CLAIRE","Short Term",520070,"1221 WHIPPLE ST","EAU CLAIRE","WI","MEDICAL SCREENING EXAM, APPROPRIATE TRANSFER, RECEIVING AN INAPPROPRIATE TRANSFER","2017-02-27, 2017-02-27, 2019-02-05",2
"309","AURORA MEDICAL CTR KENOSHA","Short Term",520189,"10400 75TH ST","KENOSHA","WI","EMERGENCY ROOM LOG, MEDICAL SCREENING EXAM","2012-02-08, 2012-02-08",1
"310","UNIVERSITY GENERAL HOSPITAL","Short Term",670019,"7501 FANNIN","HOUSTON","TX","MEDICAL SCREENING EXAM","2014-04-08",1
"311","METHODIST HOSPITAL FOR SURGERY","Short Term",670073,"17101 DALLAS PARKWAY","ADDISON","TX","STABILIZING TREATMENT, APPROPRIATE TRANSFER","2017-08-15, 2017-08-15",1
"312","SETON MEDICAL CENTER HARKER HEIGHTS","Short Term",670080,"850 W CENTRAL TEXAS EXPRESSWAY","HARKER HEIGHTS","TX","MEDICAL SCREENING EXAM","2020-10-28",1
"313","BAYLOR EMERGENCY MEDICAL CENTER","Short Term",670097,"1975 ALPHA STE 100","ROCKWALL","TX","APPROPRIATE TRANSFER","2016-08-16",1
"314","PROVIDENCE VALDEZ MEDICAL CENTER","Critical Access Hospitals",21301,"PO BOX 550","VALDEZ","AK","MEDICAL SCREENING EXAM","2015-08-21",1
"315","YUMA DISTRICT HOSPITAL","Critical Access Hospitals",61315,"1000 W 8TH AVE","YUMA","CO","MEDICAL SCREENING EXAM","2017-11-30",1
"316","MILLINOCKET REGIONAL HOSPITAL","Critical Access Hospitals",201307,"200 SOMERSET STREET","MILLINOCKET","ME","COMPLIANCE WITH 489.24, MEDICAL SCREENING EXAM, STABILIZING TREATMENT, APPROPRIATE TRANSFER","2015-03-17, 2015-03-17, 2015-03-17, 2015-03-17",1
"317","WALDO COUNTY GENERAL HOSPITAL","Critical Access Hospitals",201312,"118 NORTHPORT AVE","BELFAST","ME","STABILIZING TREATMENT","2013-03-21",1
"318","TRINITY HEALTH SHELBY HOSPITAL","Critical Access Hospitals",231320,"72 SOUTH STATE STREET","SHELBY","MI","MEDICAL SCREENING EXAM","2011-03-21",1
"319","MAYO CLINIC HEALTH SYSTEM-WASECA","Critical Access Hospitals",241345,"501 NORTH STATE STREET","WASECA","MN","MEDICAL SCREENING EXAM, APPROPRIATE TRANSFER","2014-08-19, 2014-08-19",1
"320","SANFORD MEDICAL CENTER THIEF RIVER FALLS","Critical Access Hospitals",241381,"3001 SANFORD PARKWAY","THIEF RIVER FALLS","MN","POSTING OF SIGNS","2019-12-11",1
"321","DEER LODGE MEDICAL CENTER","Critical Access Hospitals",271314,"1100 HOLLENBACK LN","DEER LODGE","MT","MEDICAL SCREENING EXAM","2017-01-04",1
"322","SIDNEY HEALTH CENTER","Critical Access Hospitals",271344,"216 14TH AVE SW","SIDNEY","MT","EMERGENCY ROOM LOG, MEDICAL SCREENING EXAM, STABILIZING TREATMENT, APPROPRIATE TRANSFER","2011-07-07, 2011-07-07, 2011-07-07, 2011-07-07",1
"323","VALLEY REGIONAL HOSPITAL","Critical Access Hospitals",301308,"243 ELM STREET","CLAREMONT","NH","MEDICAL SCREENING EXAM","2015-02-13",1
"324","NEWPORT COMMUNITY HOSPITAL","Critical Access Hospitals",501310,"714 WEST PINE STREET","NEWPORT","WA","MEDICAL SCREENING EXAM","2021-05-04",1
"325","WESTERN WISCONSIN HEALTH","Critical Access Hospitals",521347,"1100 BERGSLIEN ST","BALDWIN","WI","APPROPRIATE TRANSFER","2021-05-25",1
"326","GREENE COUNTY HOSPITAL","Short Term",10051,"509 WILSON AVENUE","EUTAW","AL","ON CALL PHYSICIANS, MEDICAL SCREENING EXAM, STABILIZING TREATMENT","2021-04-01, 2021-04-01, 2021-04-01",1
"327","LAC/OLIVE VIEW-UCLA MEDICAL CENTER","Short Term",50040,"14445 OLIVE VIEW DRIVE","SYLMAR","CA","COMPLIANCE WITH 489.24, MEDICAL SCREENING EXAM","2011-07-08, 2011-07-08",1
"328","PROVIDENCE ST. JOSEPH HOSPITAL","Short Term",50069,"1100 WEST STEWART DR","ORANGE","CA","POSTING OF SIGNS","2011-11-10",1
"329","MEMORIAL HOSPITAL OF GARDENA","Short Term",50468,"1145 W REDONDO BEACH BLVD","GARDENA","CA","APPROPRIATE TRANSFER","2021-05-17",1
"330","ROCKVILLE GENERAL HOSPITAL","Short Term",70012,"31 UNION ST","ROCKVILLE","CT","APPROPRIATE TRANSFER","2018-07-31",1
"331","HOLMES REGIONAL MEDICAL CENTER","Short Term",100019,"1350 S HICKORY ST","MELBOURNE","FL","EMERGENCY ROOM LOG, MEDICAL SCREENING EXAM, STABILIZING TREATMENT","2011-10-21, 2011-10-21, 2011-10-21",1
"332","STEWARD HIALEAH HOSPITAL","Short Term",100053,"651 E 25TH ST","HIALEAH","FL","COMPLIANCE WITH 489.24, MEDICAL SCREENING EXAM, STABILIZING TREATMENT","2015-10-02, 2015-10-02, 2015-10-02",1
"333","HCA FLORIDA SARASOTA DOCTORS HOSPITAL","Short Term",100166,"5731 BEE RIDGE RD","SARASOTA","FL","MEDICAL SCREENING EXAM, STABILIZING TREATMENT, APPROPRIATE TRANSFER","2011-08-19, 2011-08-19, 2011-08-19",1
"334","ST FRANCIS HOSPITAL- EMORY HEALTHCARE","Short Term",110129,"2122 MANCHESTER EXPRESSWAY","COLUMBUS","GA","EMERGENCY ROOM LOG","2021-10-14",1
"335","TOUCHETTE REGIONAL HOSPITAL INC","Short Term",140077,"5900 BOND AVENUE","CENTREVILLE","IL","MEDICAL SCREENING EXAM","2015-11-16",1
"336","METROSOUTH MEDICAL CENTER","Short Term",140118,"12935 S GREGORY","BLUE ISLAND","IL","EMERGENCY ROOM LOG, MEDICAL SCREENING EXAM","2019-09-26, 2019-09-26",1
"337","FRANCISCAN HEALTH HAMMOND","Short Term",150004,"5454 HOHMAN AVE","HAMMOND","IN","MEDICAL SCREENING EXAM","2014-01-09",1
"338","INDIANA UNIVERSITY HEALTH","Short Term",150056,"1701 N SENATE BLVD","INDIANAPOLIS","IN","MEDICAL SCREENING EXAM","2016-04-07",1
"339","SOUTHERN MAINE HEALTH CARE","Short Term",200019,"1 MEDICAL CENTER DRIVE","BIDDEFORD","ME","MEDICAL SCREENING EXAM","2012-09-20",1
"340","DISTRICT ONE HOSPITAL","Short Term",240071,"200 STATE AVENUE","FARIBAULT","MN","MEDICAL SCREENING EXAM","2015-01-15",1
"341","GOLDEN VALLEY MEMORIAL HOSPITAL","Short Term",260175,"1600 N 2ND ST","CLINTON","MO","EMERGENCY ROOM LOG","2014-10-14",1
"342","SUNRISE HOSPITAL AND MEDICAL CENTER","Short Term",290003,"3186 S MARYLAND PKWY","LAS VEGAS","NV","MEDICAL SCREENING EXAM","2012-01-27",1
"343","UNIVERSITY MEDICAL CENTER","Short Term",290007,"1800 W CHARLESTON BLVD","LAS VEGAS","NV","MEDICAL SCREENING EXAM, DELAY IN EXAMINATION OR TREATMENT","2011-09-07, 2011-09-07",1
"344","COOPER UNIVERSITY HOSPITAL","Short Term",310014,"1 COOPER PLAZA","CAMDEN","NJ","STABILIZING TREATMENT","2017-01-06",1
"345","WEST JERSEY HOSPITAL","Short Term",310022,"100 BOWMAN DRIVE","VOORHEES","NJ","EMERGENCY ROOM LOG","2020-03-13",1
"346","CAPITAL HEALTH MEDICAL CENTER - HOPEWELL","Short Term",310044,"ONE CAPITAL WAY","PENNINGTON","NJ","MEDICAL SCREENING EXAM, STABILIZING TREATMENT","2019-08-15, 2019-08-15",1
"347","ENGLEWOOD HOSPITAL AND MEDICAL CENTER","Short Term",310045,"350 ENGLE ST","ENGLEWOOD","NJ","MEDICAL SCREENING EXAM","2021-12-09",1
"348","OCEAN UNIVERSITY MEDICAL CENTER","Short Term",310052,"425 JACK MARTIN BLVD","BRICK","NJ","MEDICAL SCREENING EXAM","2015-04-08",1
"349","HACKENSACK MERIDIAN HEALTH PASCACK VALLEY MEDICAL","Short Term",310130,"250 OLD HOOK ROAD","WESTWOOD","NJ","COMPLIANCE WITH 489.24, DELAY IN EXAMINATION OR TREATMENT","2018-11-26, 2018-11-26",1
"350","LOVELACE REGIONAL HOSPITAL - ROSWELL","Short Term",320086,"117 EAST 19TH STREET","ROSWELL","NM","MEDICAL SCREENING EXAM","2019-12-30",1
"351","HEALTHALLIANCE HOSPITAL BROADWAY CAMPUS","Short Term",330004,"396 BROADWAY","KINGSTON","NY","MEDICAL SCREENING EXAM, STABILIZING TREATMENT","2013-11-05, 2013-11-05",1
"352","BROOKLYN HOSPITAL CENTER - DOWNTOWN CAMPUS","Short Term",330056,"121 DEKALB AVENUE","BROOKLYN","NY","MEDICAL SCREENING EXAM, DELAY IN EXAMINATION OR TREATMENT","2012-08-15, 2012-08-15",1
"353","BON SECOURS COMMUNITY HOSPITAL","Short Term",330135,"160 EAST MAIN STREET","PORT JERVIS","NY","STABILIZING TREATMENT, STABILIZING TREATMENT","2011-10-26, 2012-11-26",2
"354","LONG ISLAND JEWISH MEDICAL CENTER","Short Term",330195,"270 - 05 76TH AVENUE","NEW HYDE PARK","NY","EMERGENCY ROOM LOG","2011-05-18",1
"355","CANTON-POTSDAM HOSPITAL","Short Term",330197,"50 LEROY STREET","POTSDAM","NY","EMERGENCY ROOM LOG","2016-10-19",1
"356","MOUNT SINAI SOUTH NASSAU","Short Term",330198,"ONE HEALTHY WAY","OCEANSIDE","NY","EMERGENCY ROOM LOG","2013-11-08",1
"357","NEW YORK-PRESBYTERIAN BROOKLYN METHODIST HOSPITAL","Short Term",330236,"506 SIXTH STREET","BROOKLYN","NY","STABILIZING TREATMENT","2015-07-30",1
"358","CAYUGA MEDICAL CENTER AT ITHACA","Short Term",330307,"101 DATES DRIVE","ITHACA","NY","EMERGENCY ROOM LOG","2017-02-08",1
"359","ST JOHN'S EPISCOPAL HOSPITAL AT SOUTH SHORE","Short Term",330395,"327 BEACH 19TH STREET","FAR ROCKAWAY","NY","DELAY IN EXAMINATION OR TREATMENT, EMERGENCY ROOM LOG","2013-02-27, 2013-02-27",1
"360","SUMMA WESTERN RESERVE HOSPITAL","Short Term",360150,"1900 23RD STREET","CUYAHOGA FALLS","OH","APPROPRIATE TRANSFER","2019-09-19",1
"361","PAULS VALLEY HOSPITAL AUTHORITY","Short Term",370156,"100 VALLEY DRIVE","PAULS VALLEY","OK","MEDICAL SCREENING EXAM","2013-04-25",1
"362","ST CHARLES REDMOND","Short Term",380040,"1253 NW CANAL BLVD","REDMOND","OR","EMERGENCY ROOM LOG, MEDICAL SCREENING EXAM, APPROPRIATE TRANSFER","2019-02-07, 2019-02-07, 2019-02-07",1
"363","SAINT ALPHONSUS MEDICAL CENTER - ONTARIO, INC","Short Term",380052,"351 SW 9TH STREET","ONTARIO","OR","APPROPRIATE TRANSFER","2019-10-23",1
"364","GEISINGER-BLOOMSBURG HOSPITAL","Short Term",390003,"549 EAST FAIR STREET","BLOOMSBURG","PA","HOSPITAL MUST MAINTAIN RECORDS, EMERGENCY ROOM LOG","2018-02-20, 2018-02-20",1
"365","UPMC JAMESON","Short Term",390016,"1211 WILMINGTON AVENUE","NEW CASTLE","PA","STABILIZING TREATMENT, APPROPRIATE TRANSFER","2015-04-22, 2015-04-22",1
"366","UPMC MERCY","Short Term",390028,"1400 LOCUST STREET","PITTSBURGH","PA","DELAY IN EXAMINATION OR TREATMENT","2014-08-26",1
"367","WELLSPAN YORK HOSPITAL","Short Term",390046,"1001 SOUTH GEORGE STREET","YORK","PA","MEDICAL SCREENING EXAM","2013-01-25",1
"368","PENN HIGHLANDS CLEARFIELD","Short Term",390052,"809 TURNPIKE AVE","CLEARFIELD","PA","EMERGENCY ROOM LOG, MEDICAL SCREENING EXAM, APPROPRIATE TRANSFER","2015-02-24, 2015-02-24, 2015-02-24",1
"369","PENN HIGHLANDS HUNTINGDON","Short Term",390056,"1225 WARM SPRINGS AVE","HUNTINGDON","PA","MEDICAL SCREENING EXAM, APPROPRIATE TRANSFER, MEDICAL SCREENING EXAM","2012-06-22, 2012-06-22, 2019-02-14",2
"370","UPMC HAMOT","Short Term",390063,"201 STATE STREET","ERIE","PA","MEDICAL SCREENING EXAM","2016-08-18",1
"371","UPMC ALTOONA","Short Term",390073,"620 HOWARD AVENUE","ALTOONA","PA","MEDICAL SCREENING EXAM","2011-08-16",1
"372","DELAWARE COUNTY MEMORIAL HOSPITAL","Short Term",390081,"501 NORTH LANSDOWNE AVE","DREXEL HILL","PA","COMPLIANCE WITH 489.24, MEDICAL SCREENING EXAM","2014-12-11, 2014-12-11",1
"373","PENN HIGHLANDS DUBOIS","Short Term",390086,"100 HOSPITAL AVENUE","DUBOIS","PA","MEDICAL SCREENING EXAM","2014-05-02",1
"374","CONEMAUGH MEMORIAL MEDICAL CENTER","Short Term",390110,"1086 FRANKLIN STREET","JOHNSTOWN","PA","MEDICAL SCREENING EXAM","2015-11-20",1
"375","CHAN SOON- SHIONG MEDICAL CENTER AT WINDBER","Short Term",390112,"600 SOMERSET AVENUE","WINDBER","PA","MEDICAL SCREENING EXAM","2014-08-13",1
"376","PENN HIGHLANDS MON VALLEY","Short Term",390147,"1163 COUNTRY CLUB ROAD","MONONGAHELA","PA","APPROPRIATE TRANSFER","2016-09-30",1
"377","MERCY CATHOLIC MEDICAL CENTER- MERCY FITZGERALD","Short Term",390156,"1500 LANSDOWNE  AVE","DARBY","PA","COMPLIANCE WITH 489.24, EMERGENCY ROOM LOG, MEDICAL SCREENING EXAM","2022-03-08, 2022-03-08, 2022-03-08",1
"378","UPMC PRESBYTERIAN SHADYSIDE","Short Term",390164,"200 LOTHROP STREET","PITTSBURGH","PA","EMERGENCY ROOM LOG","2019-01-11",1
"379","GUTHRIE TOWANDA MEMORIAL HOSPITAL","Short Term",390236,"91 HOSPITAL DRIVE","TOWANDA","PA","MEDICAL SCREENING EXAM, STABILIZING TREATMENT","2017-12-07, 2017-12-07",1
"380","REGIONAL HOSPITAL OF SCRANTON","Short Term",390237,"746 JEFFERSON AVENUE","SCRANTON","PA","EMERGENCY ROOM LOG, MEDICAL SCREENING EXAM","2014-07-15, 2014-07-15",1
"381","MOUNT NITTANY MEDICAL CENTER","Short Term",390268,"1800 EAST PARK AVE","STATE COLLEGE","PA","MEDICAL SCREENING EXAM","2014-09-16",1
"382","LEXINGTON MEDICAL CENTER","Short Term",420073,"2720 SUNSET BLVD","WEST COLUMBIA","SC","POSTING OF SIGNS","2019-08-16",1
"383","TENNOVA HEALTHCARE LAFOLLETTE MEDICAL CENTER","Short Term",440033,"923 EAST CENTRAL AVENUE","LA FOLLETTE","TN","APPROPRIATE TRANSFER","2013-08-23",1
"384","SOUTHERN TENNESSEE REGIONAL HLTH SYSTEM WINCHESTER","Short Term",440058,"185 HOSPITAL ROAD","WINCHESTER","TN","MEDICAL SCREENING EXAM","2017-10-03",1
"385","REGIONAL ONE HEALTH","Short Term",440152,"877 JEFFERSON AVENUE","MEMPHIS","TN","MEDICAL SCREENING EXAM","2017-10-25",1
"386","PROVIDENCE CENTRALIA HOSPITAL","Short Term",500019,"914 S SCHEUBER ROAD","CENTRALIA","WA","MEDICAL SCREENING EXAM","2016-04-28",1
"387","GRAYS HARBOR COMMUNITY HOSPITAL","Short Term",500031,"915 ANDERSON DRIVE","ABERDEEN","WA","MEDICAL SCREENING EXAM","2016-01-06",1
"388","TRIOS","Short Term",500053,"900 SOUTH AUBURN STREET","KENNEWICK","WA","STABILIZING TREATMENT","2022-03-25",1
"389","MERCY HEALTH SYSTEM CORP","Short Term",520066,"1000 MINERAL POINT AVE","JANESVILLE","WI","POSTING OF SIGNS","2016-07-20",1
